province,georoc_citation_id,mapped,doi,year,title,doi_overlap_petdb,title_overlap_petdb,publication_overlap_petdb
Central Aleutian arc,2233,True,10.1016/0016-7037(87)90173-6,1987.0,ALEUTIAN LEAD ISOTOPIC DATA: ADDITIONAL EVIDENCE FOR THE EVOLUTION OF LITHOSPHERIC PLUMBING SYSTEMS,False,False,False
Central Aleutian arc,2242,True,10.1007/BF00373960,1986.0,ND AND SR ISOTOPES IN THE ALEUTIAN MULTICOMPONENT PARENTHOOD OF ISLAND-ARC MAGMAS,False,False,False
Central Aleutian arc,2245,True,10.1007/BF00413349,1985.0,STRONTIUM ISOTOPIC AND SELECTED TRACE ELEMENT VARIATIONS BETWEEN TWO ALEUTIAN VOLCANIC CENTERS (ADAK AND ATKA): IMPLICATIONS FOR THE DEVELOPMENT OF ARC VOLCANIC PLUMBING SYSTEMS,False,True,True
Central Aleutian arc,2252,True,10.1016/0377-0273(94)90065-5,1994.0,"A PETROLOGIC RE-INVESTIGATION OF THE ADAK VOLCANIC CENTER, CENTRAL ALEUTIAN ARC, ALASKA",False,True,True
Central Aleutian arc,2502,True,10.1086/628172,1976.0,SOME ALEUTIAN ANDESITES: THEIR NATURE AND SOURCE,False,False,False
Central Aleutian arc,7197,True,10.1093/petrology/egh036,2004.0,"VARIABLE IMPACT OF THE SUBDUCTED SLAB ON ALEUTIAN ISLAND ARC MAGMA SOURCES: EVIDENCE FROM SR, ND, PB AND HF ISOTOPES AND TRACE ELEMENT ABUNDANCES",False,True,True
Central Aleutian arc,9411,True,10.1130/B25861.1,2006.0,"VOLCANIC HISTORY AND MAGMATIC EVOLUTION OF SEGUAM ISLAND, ALEUTIAN ISLAND ARC, ALASKA",False,True,True
Central Aleutian arc,11837,True,10.1093/petrology/egn008,2008.0,"MAGMATIC DIFFERENTIATION AT AN ISLAND-ARC CALDERA: OKMOK VOLCANO, ALEUTIAN ISLANDS, ALASKA",False,True,True
Central Aleutian arc,16078,True,10.1130/B30472.1,2012.0,"GEOLOGY AND 40AR/39AR GEOCHRONOLOGY OF THE MEDIUM- TO HIGH-K TANAGA VOLCANIC CLUSTER, WESTERN ALEUTIANS",False,False,False
Central Aleutian arc,22260,True,10.1016/j.jvolgeores.2018.06.016,2018.0,QUANTIFYING ARC MIGRATION AND THE ROLE OF FOREARC SUBDUCTION EROSION IN THE CENTRAL ALEUTIANS,False,True,True
Southern Andean Volcanic Zone,1672,True,10.1016/0024-4937(96)00008-4,1996.0,"PETROGENESIS OF LAVAS FROM THE UMU VOLCANIC FIELD IN THE YOUNG HOTSPOT REGION WEST OF EASTER ISLAND, SOUTHEASTERN PACIFIC",False,False,False
Southern Andean Volcanic Zone,2974,True,10.2973/dsdp.proc.58.135.1980,1981.0,MAJOR AND TRACE ELEMENT VARIATIONS IN BASALTS FROM THE NORTH PHILIPPINE SEA DRILLED DURING DSDP LEG 58: A COMPARATIVE STUDY OF BACK-ARC-BASIN BASALTS WITH LAVA SERIES FROM JAPAN AND MID-OCEAN RIDGES,False,False,False
Southern Andean Volcanic Zone,3215,True,10.1007/BF00371418,1984.0,"PETROGENESIS OF THE LAGUNA DEL MAULE VOLCANIC COMPLEX, CHILE (36°S)",False,False,False
Southern Andean Volcanic Zone,3216,True,10.1093/petrology/29.2.333,1988.0,"RECENT VOLCANISM IN THE PUYEHUE-CORDON CAULLE REGION, SOUTHERN ANDES, CHILE (40.5°S): PETROGENESIS OF EVOLVED LAVAS",False,False,False
Southern Andean Volcanic Zone,3296,True,10.1016/0012-821X(86)90018-X,1986.0,"ISOTOPE GEOCHEMISTRY OF RECENT MAGMATISM IN THE AEGEAN ARC: SR, ND, H, AND O ISOTOPIC RATIOS IN THE LAVAS OF MILOS AND SANTORINI",False,False,False
Southern Andean Volcanic Zone,3553,True,10.1007/BF00310649,1990.0,"H, O, SR, ND AND PB ISOTOPE GEOCHEMISTRY OF THE LATIR VOLCANIC FIELD AND COGENETIC INTRUSIONS, NEW MEXICO, AND RELATIONS BETWEEN EVOLUTION OF A CONTINENTAL MAGMATIC CENTER AND MODIFICATIONS OF THE LITHOSPHERE",False,False,False
Southern Andean Volcanic Zone,3627,True,10.1007/BF00371373,1988.0,"THE ORIGIN AND EVOLUTION OF MAGMAS FROM THE SAN PEDRO-PELLADO VOLCANIC COMPLEX, S CHILE: MULTICOMPONENT SOURCES AND OPEN SYSTEM EVOLUTION",False,False,False
Southern Andean Volcanic Zone,3631,True,10.1029/JB091iB06p05963,1986.0,"MULTIPLE SOURCES FOR BASALTIC ARC ROCKS FROM THE SOUTHERN VOLCANIC ZONE OF THE ANDES (34°-41° S): TRACE ELEMENT AND ISOTOPIC EVIDENCE FOR CONTRIBUTIONS FROM SUBDUCTED OCEANIC CRUST, MANTLE AND CONTINENTAL CRUST",False,False,False
Southern Andean Volcanic Zone,3639,True,10.1093/petrology/33.1.1,1992.0,"THE TATARA-SAN PEDRO VOLCANO, 36°S, CHILE: A CHEMICALLY VARIABLE, DOMINANTLY MAFIC MAGMATIC SYSTEM",False,False,False
Southern Andean Volcanic Zone,3648,True,10.1093/petrology/36.2.265,1995.0,"GEOCHEMISTRY OF THE ACTIVE AZUFRE-PLANCHON-PETEROA VOLCANIC COMPLEX, CHILE (35°15^S): EVIDENCE FOR MULTIPLE SOURCES AND PROCESSES IN A CORDILLERAN ARC MAGMATIC SYSTEM",False,False,False
Southern Andean Volcanic Zone,3831,True,10.1007/BF00402922,1989.0,"GEOCHEMICAL VARIATIONS IN ANDEAN BASALTIC AND SILICIC LAVAS FROM THE VILLARICA-LANIN VOLCANIC CHAIN (39.5°S): AN EVALUATION OF SOURCE HETEROGENEITY, FRACTIONAL CRYSTALLIZATION, AND CRUSTAL ASSIMILATION",False,False,False
Southern Andean Volcanic Zone,3996,True,10.1130/SPE265-p57,1991.0,RECENT LAVAS FROM THE ANDEAN VOLCANIC FRONT (33 TO 42°S); INTERPRETATIONS OF ALONG-ARC COMPOSITIONAL VARIATIONS,False,False,False
Southern Andean Volcanic Zone,4232,True,10.1016/0377-0273(82)90044-0,1982.0,PETROLOGY OF THE PLIO-QUATERNARY VOLCANISM OF THE SOUTH-CENTRAL AND MERIDIONAL ANDES,False,False,False
Southern Andean Volcanic Zone,4346,True,10.1016/0012-821X(88)90082-9,1988.0,SR AND ND ISOTOPIC AND TRACE ELEMENT COMPOSITIONS OF QUATERNARY VOLCANIC CENTERS OF THE SOUTHERN ANDES,False,False,False
Southern Andean Volcanic Zone,4350,True,10.1007/BF00286934,1995.0,"CALBUCO VOLCANO AND MINOR ERUPTIVE CENTERS DISTRIBUTED ALONG THE LIQUINE-OFQUI FAULT ZONE, CHILE (41° - 42° S): CONTRASTING ORIGIN OF ANDESITIC AND BASALTIC MAGMA IN THE SOUTHERN VOLCANIC ZONE OF THE ANDES",False,False,False
Southern Andean Volcanic Zone,4352,True,10.1007/BF00321486,1990.0,"TRACE-ELEMENT AND SR, ND, PB, AND O ISOTOPIC COMPOSITION OF PLIOCENE AND QUATERNARY ALKALI BASALTS OF THE PATAGONIAN PLATEAU LAVAS OF SOUTHERNMOST SOUTH AMERICA",False,False,False
Southern Andean Volcanic Zone,4380,True,10.1016/0377-0273(81)90030-5,1981.0,"PETROLOGY AND GEOCHEMISTRY OF LAVAS FROM ANTUCO VOLCANO, A BASALTIC VOLCANO OF THE SOUTHERN ANDES (37°25´)",False,False,False
Southern Andean Volcanic Zone,4544,True,,1992.0,"A CONTRIBUTION TO THE PETROGENESIS OF OSORNO AND CALBUCO VOLCANOES, SOUTHERN ANDES (41°00^-41°30^): COMPARATIVE STUDY",False,False,False
Southern Andean Volcanic Zone,5033,True,10.1016/S0012-821X(02)00524-1,2002.0,OSMIUM ISOTOPE BINARY MIXING ARRAYS IN ARC VOLCANISM,False,True,True
Southern Andean Volcanic Zone,6214,True,10.4067/S0716-02082000000200003,2000.0,THE RELATION OF THE MID-TERTIARY COASTAL MAGMATIC BELT IN SOUTH-CENTRAL CHILE TO THE LATE OLIGOCENE INCREASE IN PLATE CONVERGENCE RATE,False,False,False
Southern Andean Volcanic Zone,6216,True,10.4067/S0716-02082000000100006,2000.0,"CRUSTAL CONTRIBUTION IN THE GENESIS OF THE BIMODAL TRIASSIC VOLCANISM FROM THE COASTAL RANGE, CENTRAL CHILE",False,False,False
Southern Andean Volcanic Zone,6218,True,10.4067/S0716-02081999000200008,1999.0,THE PUELCHE VOLCANIC FIELD: EXTENSIVE PLEISTOCENE RHYOLITE LAVA FLOWS IN THE ANDES OF CENTRAL CHILE,False,False,False
Southern Andean Volcanic Zone,6220,True,10.4067/S0716-02081999000100002,1999.0,"CENOZOIC THOLEIITIC VOLCANISM IN THE COLBUN AREA, LINARES PRECORDILLERA, CENTRAL CHILE (35°35^-36°S)",False,False,False
Southern Andean Volcanic Zone,6223,True,10.4067/S0716-02082001000200006,2001.0,"LAVAS LAS PATAGUAS: ALKALINE VOLCANISM IN THE EARLY MIOCENE ANDEAN FOREARC, CENTRAL CHILE",False,False,False
Southern Andean Volcanic Zone,6652,True,10.1016/0895-9811(88)90032-6,1988.0,THE QUATERNARY VOLCANIC BELT OF THE SOUTHERN CONTINENTAL MARGIN OF SOUTH AMERICA: TRAVERSE STRUCTURAL AND PETROCHEMICAL VARIATIONS ACROSS THE SEGMENT BETWEEN 38°S AND 39°S,False,False,False
Southern Andean Volcanic Zone,7318,True,10.5027/andgeoV22n2-a06,1995.0,GEOCHEMISTRY AND TECTONICS OF THE CHILEAN SOUTHERN ANDES BASALTIC QUATERNARY VOLCANISM (37-46°S),False,False,False
Southern Andean Volcanic Zone,7427,True,,1997.0,"EOCENE-MIOCENE LONGITUDINAL DEPRESSION AND QUATERNARY VOLCANISM IN THE SOUTHERN ANDES, CHILE (33-42.5° S): A GEOCHEMICAL COMPARISON",False,False,False
Southern Andean Volcanic Zone,7944,True,10.1130/B25099.1,2003.0,TERTIARY VOLCANISM DURING EXTENSION IN THE ANDEAN FOOTHILLS OF CENTRAL CHILE (33°15^33°45^S),False,False,False
Southern Andean Volcanic Zone,8751,True,10.1016/0895-9811(96)00026-0,1996.0,PETROLOGY AND GEOCHEMISTRY OF THE OPHIOLITIC AND VOLCANIC SUITES OF THE TAITAO PENINSULA - CHILE TRIPLE JUNCTION AREA,False,False,False
Southern Andean Volcanic Zone,8755,True,10.1016/S0895-9811(97)00012-6,1997.0,NEW EVIDENCE ON THE NATURE OF THE FRONTAL CORDILLERA OPHIOLITIC BELT - ARGENTINA,False,False,False
Southern Andean Volcanic Zone,8756,True,10.1016/S0895-9811(97)00024-2,1997.0,"PETROGENESIS OF MIOCENE BASIC SHOSHONITIC LAVAS IN THE BOLIVIAN ANDES AND IMPLICATIONS FOR HYDROTHERMAL GOLD, SILVER AND TIN DEPOSITS",False,False,False
Southern Andean Volcanic Zone,8773,True,10.1016/S0895-9811(03)00063-4,2003.0,"THE QUATERNARY CALC-ALKALINE VOLCANISM OF THE PATAGONIAN ANDES CLOSE TO THE CHILE TRIPLE JUNCTION: GEOCHEMISTRY AND PETROGENESIS OF VOLCANIC ROCKS FROM THE CAY AND MACA VOLCANOES (45°S, CHILE)",False,False,False
Southern Andean Volcanic Zone,8776,True,10.1016/j.jsames.2003.06.001,2003.0,"EXTENSIONAL LOWER CRETACEOUS VOLCANISM IN THE COASTAL RANGE (29°20-30°S), CHILE: GEOCHEMISTRY AND PETROGENESIS",False,False,False
Southern Andean Volcanic Zone,8788,True,10.1016/j.jsames.2005.06.003,2005.0,VOLCANOLOGICAL AND GEOCHEMICAL EVOLUTION OF THE DIAMANTE CALDERA-MAIPO VOLCANO COMPLEX IN THE SOUTHERN ANDES OF ARGENTINA (34°10S),False,False,False
Southern Andean Volcanic Zone,8969,True,,2000.0,"CERRO AGUA POCA, A BASALTIC QUATERNARY CONE BEARING ULTRAMAFIC XENOLITHS, WESTERN PROVINCE OF LA PAMPA, ARGENTINA",False,False,False
Southern Andean Volcanic Zone,9666,True,10.5027/andgeoV33n1-a05,2006.0,"ABANICO EAST FORMATION: PETROLOGY AND GEOCHEMISTRY OF VOLCANIC ROCKS BEHIND THE CENOZOIC ARC FRONT IN THE ANDEAN CORDILLERA, CENTRAL CHILE (33°50´S)",False,False,False
Southern Andean Volcanic Zone,10020,True,10.1016/j.epsl.2006.12.017,2007.0,"RAPID MAGMA ASCENT AND GENERATION OF 230TH EXCESSES IN THE LOWER CRUST AT PUYEHUE-CORDON CAULLE, SOUTHERN VOLCANIC ZONE, CHILE",False,False,False
Southern Andean Volcanic Zone,11773,True,10.5027/andgeoV32n1-a09,2005.0,"PETROGENESIS OF THE PLEISTOCENE TRONADOR VOLCANIC GROUP, ANDEAN SOUTHERN VOLCANIC ZONE",False,False,False
Southern Andean Volcanic Zone,11951,True,10.1130/B26276.1,2008.0,"ERUPTIVE HISTORY, GEOCHRONOLOGY, AND MAGMATIC EVOLUTION OF THE PUYEHUE-CORDÓN CAULLE VOLCANIC COMPLEX, CHILE",False,False,False
Southern Andean Volcanic Zone,12800,True,10.1016/S1251-8050(00)88584-5,1999.0,"BASALTS, ANDESITES, DACITES AND RHYOLITES FROM NEVADOS DE CHILAN AND ANTUCO STRATOVOLCANOES (SOUTHERN ANDES): A REMARKABLE EXAMPLE OF MAGMATIC DIFFERENTIATION THROUGH CRYSTAL FRACTIONATION",False,False,False
Southern Andean Volcanic Zone,12925,True,10.1007/s004450050193,1998.0,"HOLOCENE EXPLOSIVE ACTIVITY OF HUDSON VOLCANO, SOUTHERN ANDES",False,False,False
Southern Andean Volcanic Zone,12982,True,10.1016/j.jvolgeores.2005.01.014,2005.0,THE HUDSON VOLCANO AND SURROUNDING MONOGENETIC CENTRES (CHILEAN PATAGONIA): AN EXAMPLE OF VOLCANISM ASSOCIATED WITH RIDGE-TRENCH COLLISION ENVIRONMENT,False,False,False
Southern Andean Volcanic Zone,12983,True,10.1016/S0040-1951(99)00160-2,1999.0,"NEW GEOCHEMICAL CONSTRAINTS FOR THE ORIGIN OF RIDGE-SUBDUCTION-RELATED PLUTONIC AND VOLCANIC SUITES FROM THE CHILE TRIPLE JUNCTION (TAITAO PENINSULA AND SITE 862, LEG ODP141 ON THE TAITAO RIDGE)",False,False,False
Southern Andean Volcanic Zone,13861,True,10.1016/j.jsames.2009.04.008,2009.0,"GEOCHEMICAL VARIATIONS IN CENOZOIC BACK-ARC BASALTS AT THE BORDER OF LA PAMPA AND MENDOZA PROVINCES, ARGENTINA",False,False,False
Southern Andean Volcanic Zone,13901,True,,2008.0,"VERY LONG PAHOEHOE INFLATED BASALTIC LAVA FLOWS IN THE PAYENIA VOLCANIC PROVINCE (MENDOZA AND LA PAMPA, ARGENTINA)",False,False,False
Southern Andean Volcanic Zone,13990,True,10.1007/s00410-009-0426-1,2010.0,"ROLE OF CRYPTIC AMPHIBOLE CRYSTALLIZATION IN MAGMA DIFFERENTIATION AT HUDSON VOLCANO, SOUTHERN VOLCANIC ZONE, CHILE",False,False,False
Southern Andean Volcanic Zone,14391,True,10.1016/j.jsames.2010.01.002,2010.0,VOLCANIC EVOLUTION OF THE BACK-ARC PLEISTOCENE PAYUN MATRU VOLCANIC FIELD (ARGENTINA),False,False,False
Southern Andean Volcanic Zone,14418,True,10.2113/gsecongeo.100.5.887,2005.0,REGIONAL GEOCHEMISTRY OF TERTIARY IGNEOUS ROCKS IN CENTRAL CHILE: IMPLICATIONS FOR THE GEODYNAMIC ENVIRONMENT OF GIANT PORPHYRY COPPER AND EPITHERMAL GOLD MINERALIZATION,False,False,False
Southern Andean Volcanic Zone,14959,True,10.1016/j.jvolgeores.2010.04.003,2010.0,"BACK-ARC BASALTS FROM THE LONCOPUE GRABEN (PROVINCE OF NEUQUEN, ARGENTINA)",False,False,False
Southern Andean Volcanic Zone,15544,True,10.1016/j.jsames.2011.04.007,2011.0,"PETROLOGY OF THE MIOCENE IGNEOUS ROCKS IN THE ALTAR REGION, MAIN CORDILLERA OF SAN JUAN, ARGENTINA. A GEODYNAMIC MODEL WITHIN THE CONTEXT OF THE ANDEAN FLAT-SLAB SEGMENT AND METALLOGENESIS",False,False,False
Southern Andean Volcanic Zone,15715,True,10.1016/j.jog.2011.07.004,2011.0,"NEOGENE MAGMATIC EXPANSION AND MOUNTAIN BUILDING PROCESSES IN THE SOUTHERN CENTRAL ANDES, 36-37°S, ARGENTINA",False,False,False
Southern Andean Volcanic Zone,16232,True,10.5027/andgeo2010-678,2010.0,MIDDLE MIOCENE CALC-ALKALINE VOLCANISM IN CENTRAL PATAGONIA (47°S): PETROGENESIS AND IMPLICATIONS FOR SLAB DYNAMICS,False,False,False
Southern Andean Volcanic Zone,16233,True,10.5027/andgeoV38n2-a05,2011.0,"GEOLOGY, PETROLOGY AND GEOCHEMISTRY OF THE DOME COMPLEX OF HUEQUI VOLCANO, SOUTHERN CHILE",False,False,False
Southern Andean Volcanic Zone,16234,True,10.5027/andgeoV38n1-a02,2011.0,"OLIVINE-HORNBLENDE-LAMPROPHYRE DIKES FROM QUEBRADA LOS SAPOS, EL TENIENTE, CENTRAL CHILE (34°S): IMPLICATIONS FOR THE TEMPORAL GEOCHEMICAL EVOLUTION OF THE ANDEAN SUBARC MANTLE",False,False,False
Southern Andean Volcanic Zone,17460,True,10.1002/grl.50513,2013.0,ARC MAGMA COMPOSITIONS CONTROLLED BY LINKED THERMAL AND CHEMICAL GRADIENTS ABOVE THE SUBDUCTING SLAB,False,False,False
Southern Andean Volcanic Zone,18019,True,10.1016/j.chemgeo.2013.10.024,2013.0,"MELT-PERIDOTITE REACTIONS IN UPWELLING ECLOGITE BODIES: CONSTRAINTS FROM EM1-TYPE ALKALINE BASALTS IN PAYENIA, ARGENTINA",False,False,False
Southern Andean Volcanic Zone,18070,True,10.1093/petrology/egt066,2014.0,"CONSTRAINTS ON THE ORIGIN AND EVOLUTION OF MAGMAS IN THE PAYUN MATRU VOLCANIC FIELD, QUATERNARY ANDEAN BACK-ARC OF WESTERN ARGENTINA",False,False,False
Southern Andean Volcanic Zone,18365,True,10.1016/J.CHEMGEO.2014.01.015,2014.0,"GEOCHEMICAL VARIATIONS IN THE CENTRAL SOUTHERN VOLCANIC ZONE, CHILE (38-43°S): THE ROLE OF FLUIDS IN GENERATING ARC MAGMAS",False,False,False
Southern Andean Volcanic Zone,18493,True,10.1007/s00445-014-0830-x,2014.0,"MAJOR CHANGES IN THE POST-GLACIAL EVOLUTION OF MAGMATIC COMPOSITIONS AND PRE-ERUPTIVE CONDITIONS OF LLAIMA VOLCANO, ANDEAN SOUTHERN VOLCANIC ZONE, CHILE",False,False,False
Southern Andean Volcanic Zone,18519,True,10.1007/s00410-014-1004-8,2014.0,ENRICHMENTS OF THE MANTLE SOURCES BENEATH THE SOUTHERN VOLCANIC ZONE (ANDES) BY FLUIDS AND MELTS DERIVED FROM ABRADED UPPER CONTINENTAL CRUST,False,False,False
Southern Andean Volcanic Zone,18602,True,10.1016/j.chemgeo.2013.04.007,2013.0,"PAYENIA VOLCANIC PROVINCE, SOUTHERN MENDOZA, ARGENTINA: OIB MANTLE UPWELLING IN A BACKARC ENVIRONMENT",False,False,False
Southern Andean Volcanic Zone,18961,True,10.1016/j.lithos.2014.09.010,2014.0,"GEOCHEMICAL VARIATIONS IN THE QUATERNARY ANDEAN BACK-ARC VOLCANISM, SOUTHERN MENDOZA, ARGENTINA",False,False,False
Southern Andean Volcanic Zone,19131,True,10.1016/J.LITHOS.2014.11.026,2015.0,"SR, ND, PB AND HF ISOTOPIC CONSTRAINTS ON MANTLE SOURCES AND CRUSTAL CONTAMINANTS IN THE PAYENIA VOLCANIC PROVINCE, ARGENTINA",False,False,False
Southern Andean Volcanic Zone,19667,True,10.1016/j.gca.2015.05.007,2015.0,GEODYNAMIC CONTROLS ON THE CONTAMINATION OF CENOZOIC ARC MAGMAS IN THE SOUTHERN CENTRAL ANDES: INSIGHTS FROM THE O AND HF ISOTOPIC COMPOSITION OF ZIRCON,False,False,False
Southern Andean Volcanic Zone,19886,True,10.1016/j.jsames.2015.09.010,2015.0,"LATE CENOZOIC CALC-ALKALINE VOLCANISM OVER THE PAYENIA SHALLOW SUBDUCTION ZONE, SOUTH-CENTRAL ANDEAN BACK-ARC (34°30^-37°S), ARGENTINA",False,False,False
Southern Andean Volcanic Zone,19904,True,10.1007/s00445-015-0976-1,2015.0,"EXPLOSIVE STYLE, MAGMA DEGASSING AND EVOLUTION IN THE CHAIMILLA ERUPTION, VILLARRICA VOLCANO, SOUTHERN ANDES",False,True,True
Southern Andean Volcanic Zone,19914,True,10.1016/j.jvolgeores.2015.09.023,2015.0,"CONTRASTING RECORDS FROM MANTLE TO SURFACE OF HOLOCENE LAVAS OF TWO NEARBY ARC VOLCANIC COMPLEXES: CABURGUA-HUELEMOLLE SMALL ERUPTIVE CENTERS AND VILLARRICA VOLCANO, SOUTHERN CHILE",False,False,False
Southern Andean Volcanic Zone,19945,True,10.1016/j.jvolgeores.2015.10.013,2015.0,THE CARRAN-LOS VENADOS VOLCANIC FIELD AND ITS RELATIONSHIP WITH COEVAL AND NEARBY POLYGENETIC VOLCANISM IN AN INTRA-ARC SETTING,False,False,False
Southern Andean Volcanic Zone,20337,True,10.1016/j.lithos.2016.04.014,2016.0,BASALTIC ROCKS FROM THE ANDEAN SOUTHERN VOLCANIC ZONE: INSIGHTS FROM THE COMPARISON OF ALONG-STRIKE AND SMALL-SCALE GEOCHEMICAL VARIATIONS AND THEIR SOURCES,False,False,False
Southern Andean Volcanic Zone,20346,True,10.1016/j.gca.2016.03.033,2016.0,"GEOCHEMISTRY OF BASALTS FROM SMALL ERUPTIVE CENTERS NEAR VILLARRICA STRATOVOLCANO, CHILE: EVIDENCE FOR LITHOSPHERIC MANTLE COMPONENTS IN CONTINENTAL ARC MAGMAS",False,True,True
Southern Andean Volcanic Zone,20547,True,10.1016/j.lithos.2016.07.002,2016.0,THE ROLE OF CHANGING GEODYNAMICS IN THE PROGRESSIVE CONTAMINATION OF LATE CRETACEOUS TO LATE MIOCENE ARC MAGMAS IN THE SOUTHERN CENTRAL ANDES,False,False,False
Southern Andean Volcanic Zone,20576,True,10.1038/ngeo2788,2016.0,PARENTAL ARC MAGMA COMPOSITIONS DOMINANTLY CONTROLLED BY MANTLE-WEDGE THERMAL STRUCTURE,False,False,False
Southern Andean Volcanic Zone,20645,True,10.1007/s00445-016-1078-4,2016.0,"LOCALISED MAGMATIC CONSTRAINTS ON CONTINENTAL BACK-ARC VOLCANISM IN SOUTHERN MENDOZA, ARGENTINA: THE SANTA MARIA VOLCANO",False,False,False
Southern Andean Volcanic Zone,20676,True,10.1016/j.epsl.2016.09.056,2016.0,COMPOSITIONAL VARIABILITY IN MAFIC ARC MAGMAS OVER SHORT SPATIAL AND TEMPORAL SCALES: EVIDENCE FOR THE SIGNATURE OF MANTLE REACTIVE MELT CHANNELS,False,False,False
Southern Andean Volcanic Zone,20802,True,10.1007/s00410-016-1318-9,2017.0,SOUTH-TO-NORTH PYROXENITE-PERIDOTITE SOURCE VARIATION CORRELATED WITH AN OIB-TYPE TO ARC-TYPE ENRICHMENT OF MAGMAS FROM THE PAYENIA BACKARC OF THE ANDEAN SOUTHERN VOLCANIC ZONE (SVZ),False,False,False
Southern Andean Volcanic Zone,20828,True,10.1016/j.jvolgeores.2016.11.017,2017.0,"HOLOCENE TEPHRA SUCCESSION OF PUYEHUE-CORDON CAULLE AND ANTILLANCA/CASABLANCA VOLCANIC COMPLEXES, SOUTHERN ANDES (40-41°S)",False,False,False
Southern Andean Volcanic Zone,20954,True,10.1093/petrology/egx006,2017.0,"PLEISTOCENE TO HOLOCENE GROWTH OF A LARGE UPPER CRUSTAL RHYOLITIC MAGMA RESERVOIR BENEATH THE ACTIVE LAGUNA DEL MAULE VOLCANIC FIELD, CENTRAL CHILE",False,False,False
Southern Andean Volcanic Zone,21020,True,10.1144/jgs2016-087,2017.0,EARLY ANDEAN TECTONOMAGMATIC STAGES IN NORTH PATAGONIA: INSIGHTS FROM FIELD AND GEOCHEMICAL DATA,False,False,False
Southern Andean Volcanic Zone,21041,True,10.1007/s00410-017-1360-2,2017.0,A GEOCHEMICAL APPROACH TO DISTINGUISHING COMPETING TECTONO-MAGMATIC PROCESSES PRESERVED IN SMALL ERUPTIVE CENTRES,False,False,False
Southern Andean Volcanic Zone,21497,True,10.1016/j.lithos.2017.09.008,2017.0,SLAB-DERIVED COMPONENTS IN THE SUBCONTINENTAL LITHOSPHERIC MANTLE BENEATH CHILEAN PATAGONIA: GEOCHEMISTRY AND SR-ND-PB ISOTOPES OF MANTLE XENOLITHS AND HOST BASALT,False,False,False
Southern Andean Volcanic Zone,21598,True,10.1016/j.chemgeo.2017.11.035,2018.0,MULTI-ELEMENT ISOTOPIC EVOLUTION OF MAGMATIC ROCKS FROM CAVIAHUE-COPAHUE VOLCANIC COMPLEX (CHILE-ARGENTINA): INVOLVEMENT OF MATURE SLAB RECYCLED MATERIALS,False,False,False
Southern Andean Volcanic Zone,21645,True,10.1016/j.jvolgeores.2017.11.026,2018.0,"VOLCANOLOGIC AND PETROLOGIC EVOLUTION OF ANTUCO-SIERRA VELLUDA, SOUTHERN ANDES, CHILE",False,False,False
Southern Andean Volcanic Zone,21748,True,10.1016/j.jog.2017.11.005,2018.0,LATE EOCENE VOLCANISM IN NORTH PATAGONIA (42°30´-43°S): ARC RESUMPTION AFTER A STAGE OF WITHIN-PLATE MAGMATISM,False,False,False
Southern Andean Volcanic Zone,22571,True,10.1016/j.jvolgeores.2018.10.020,2018.0,"THE INTERPLAY OF MAGMATISM AND TECTONICS: AN EXAMPLE BASED ON THE SATELLITE SCORIA CONES AT LLAIMA VOLCANO, CHILE",False,False,False
Southern Andean Volcanic Zone,22753,True,10.1016/j.jsames.2018.12.022,2019.0,"QUATERNARY EVOLUTION OF THE EL TROMEN VOLCANIC SYSTEM, ARGENTINA, BASED ON NEW K-AR AND GEOCHEMICAL DATA: INSIGHTS FOR TEMPORAL EVOLUTION OF MAGMATIC PROCESSES BETWEEN ARC AND BACK-ARC SETTINGS",False,False,False
Southern Andean Volcanic Zone,23172,True,10.1016/j.epsl.2019.06.017,2019.0,CHALCOPHILE ELEMENT PROCESSING BENEATH A CONTINENTAL ARC STRATOVOLCANO,False,False,False
Southern Andean Volcanic Zone,23382,True,10.1016/j.gca.2019.09.008,2019.0,NEW CONSTRAINTS FROM CENTRAL CHILE ON THE ORIGINS OF ENRICHED CONTINENTAL COMPOSITIONS IN THICK-CRUSTED ARC MAGMAS,False,False,False
Southern Andean Volcanic Zone,23433,True,10.1007/s00410-019-1643-x,2019.0,"STRATIGRAPHICALLY CONTROLLED SAMPLING CAPTURES THE ONSET OF HIGHLY FLUID-FLUXED MELTING AT SAN JORGE VOLCANO, SOUTHERN VOLCANIC ZONE, CHILE",False,False,False
Southern Andean Volcanic Zone,23546,True,10.1029/2019TC005580,2019.0,CONSTRAINTS ON TRENCHWARD ARC MIGRATION AND BACKARC MAGMATISM IN THE NORTH PATAGONIAN ANDES IN THE CONTEXT OF NAZCA PLATE ROLLBACK,False,False,False
Southern Andean Volcanic Zone,23838,True,10.1016/j.jsames.2020.102508,2020.0,"EARLY STAGES OF THE MIOCENE MAGMATIC ARC AND RELATED HYDROTHERMAL ALTERATION AT VALLE HERMOSO, SOUTH CENTRAL ANDES (35°07^S, 70°17^W)",False,False,False
Southern Andean Volcanic Zone,24213,True,10.1016/j.jsames.2020.102713,2020.0,THE LATE EOCENE-EARLY MIOCENE EL MAITÉN BELT EVOLUTION: MAGMATIC RESPONSE TO THE CHANGING SUBDUCTION ZONE GEODYNAMICS,False,False,False
Southern Andean Volcanic Zone,24347,True,10.1016/j.jvolgeores.2020.107101,2020.0,"TECTONIC CONSTRAINTS ON A MAGMATIC PLUMBING SYSTEM: THE QUETRUPILLÁN VOLCANIC COMPLEX (39°30^ S, 71°43^ W), SOUTHERN ANDES, CHILE",False,False,False
Southern Andean Volcanic Zone,24895,True,10.1016/j.jvolgeores.2021.107279,2021.0,"CALBUCO, A MONOTONOUS ANDESITIC HIGH-FLUX VOLCANO IN THE SOUTHERN ANDES, CHILE",False,False,False
Southern Andean Volcanic Zone,24938,True,10.1007/s00410-021-01803-7,2021.0,"THE PETROLOGY OF A HAZARDOUS VOLCANO: CALBUCO (CENTRAL SOUTHERN VOLCANIC ZONE, CHILE)",False,False,False
Southern Andean Volcanic Zone,25615,True,10.1029/2021GC010071,2022.0,"THE SIGNATURE OF METASOMATIZED SUBCONTINENTAL LITHOSPHERIC MANTLE IN THE BASALTIC MAGMATISM OF THE PAYENIA VOLCANIC PROVINCE, ARGENTINA",False,False,False
Southern Andean Volcanic Zone,25933,True,10.1016/j.jsames.2022.103875,2022.0,CONTRASTING SOURCES AND CONDITIONS OF SHALLOW MAGMATIC RESERVOIRS OF THE FUI GROUP SMALL ERUPTIVE CENTRES ASSOCIATED WITH THE LIQUIÑE-OFQUI FAULT ZONE (CHILEAN ANDES),False,False,False
Southern Andean Volcanic Zone,26149,True,10.1016/j.lithos.2022.106777,2022.0,"PETROLOGY OF THE MAGMATIC SYSTEM BENEATH OSORNO VOLCANO (CENTRAL SOUTHERN VOLCANIC ZONE, CHILE)",False,False,False
Southern Andean Volcanic Zone,26538,True,10.1016/j.jsames.2023.104229,2023.0,"TWO MILLION YEARS OF EVOLUTION OF THE SOUTHERN CENTRAL ANDES RETROARC, PAYENIA VOLCANIC PROVINCE, ARGENTINA, FROM THE STUDY OF THE CERRO NEVADO VOLCANIC COMPLEX",False,False,False
Southern Andean Volcanic Zone,26660,True,10.1007/s00531-013-0917-1,2014.0,INSIGHTS FROM TRACE ELEMENT GEOCHEMISTRY AS TO THE ROLES OF SUBDUCTION ZONE GEOMETRY AND SUBDUCTION INPUT ON THE CHEMISTRY OF ARC MAGMAS,False,False,False
Southern Andean Volcanic Zone,26676,True,10.1130/B31303.1,2016.0,LATE OLIGOCENE-EARLY MIOCENE SUBMARINE VOLCANISM AND DEEP-MARINE SEDIMENTATION IN AN EXTENSIONAL BASIN OF SOUTHERN CHILE: IMPLICATIONS FOR THE TECTONIC DEVELOPMENT OF THE NORTH PATAGONIAN ANDES,False,False,False
Southern Andean Volcanic Zone,26689,True,10.5382/econgeo.4738,2020.0,"EXPLORATION TARGETING IN PORPHYRY CU SYSTEMS USING PROPYLITIC MINERAL CHEMISTRY: A CASE STUDY OF THE EL TENIENTE DEPOSIT, CHILE",False,False,False
Southern Andean Volcanic Zone,26705,True,10.1093/petrology/egac105,2022.0,"THE MAGMATIC EVOLUTION AND THE REGIONAL CONTEXT OF THE 1835 AD OSORNO VOLCANO PRODUCTS (41°06^S, SOUTHERN CHILE)",False,False,False
Southern Andean Volcanic Zone,27210,True,10.2113/gsecongeo.105.1.119,2010.0,"MULTISTAGE INTRUSION, BRECCIATION, AND VEINING AT EL TENIENTE, CHILE: EVOLUTION OF A NESTED PORPHYRY SYSTEM",False,False,False
Southern Andean Volcanic Zone,27233,True,10.1016/j.jsames.2023.104697,2024.0,"TWO-STAGE EVOLUTION OF A BIMODAL RESERVOIR: THE CASE OF HOLOCENE LAVAS OF THE LANÍN COMPOSITE VOLCANO, SOUTHERN VOLCANIC ZONE, CHILE",False,False,False
Southern Andean Volcanic Zone,28866,True,10.1007/978-3-642-77353-2_14,1994.0,EARLY JURASSIC TO EARLY CRETACEOUS MAGMATISM IN THE COASTAL CORDILLERA AND THE CENTRAL DEPRESSION OF NORTH CHILE,False,False,False
Southern Andean Volcanic Zone,28869,True,10.1016/j.lithos.2013.08.014,2013.0,THE EARLY ANDEAN SUBDUCTION SYSTEM AS AN ANALOG TO ISLAND ARCS: EVIDENCE FROM ACROSS-ARC GEOCHEMICAL VARIATIONS IN NORTHERN CHILE,False,False,False
Southern Andean Volcanic Zone,28873,True,10.1016/j.gsf.2015.08.009,2016.0,EARLY PERMIAN ARC-RELATED VOLCANISM AND SEDIMENTATION AT THE WESTERN MARGIN OF GONDWANA: INSIGHT FROM THE CHOIYOI GROUP LOWER SECTION,False,False,False
Southern Andean Volcanic Zone,28880,True,10.1016/j.tecto.2016.12.024,2017.0,"EVOLUTION OF EOCENE TO OLIGOCENE ARC-RELATED VOLCANISM IN THE NORTH PATAGONIAN ANDES (39-41°S), PRIOR TO THE BREAK-UP OF THE FARALLON PLATE",False,False,False
Southern Andean Volcanic Zone,29705,False,,,,False,False,False
Southern Andean Volcanic Zone,29757,False,,,,False,False,False
Southern Andean Volcanic Zone,29780,False,,,,False,False,False
Southern Andean Volcanic Zone,29792,False,,,,False,False,False
Kamchatka arc front,2195,True,10.1007/s004100050449,1998.0,A U-SERIES STUDY OF LAVAS FROM KAMCHATKA AND THE ALEUTIANS: CONSTRAINTS ON SOURCE COMPOSITION AND MELTING PROCESSES,False,False,False
Kamchatka arc front,2475,True,10.1016/S0016-7037(96)00349-3,1997.0,TRACE ELEMENT AND SR-ND-PB ISOTOPIC CONSTRAINTS ON A THREE-COMPONENT MODEL OF KAMCHATKA ARC PETROGENESIS,False,False,False
Kamchatka arc front,2481,True,10.1029/95JB02404,1996.0,INSIGHTS INTO THE VOLCANIC ARC MANTLE WEDGE FROM MAGNESIAN LAVAS FROM THE KAMCHATKA ARC,False,False,False
Kamchatka arc front,2485,True,10.1093/petrology/35.1.1,1994.0,"KLYUCHEVSKOY VOLCANO, KAMCHATKA, RUSSIA: THE ROLE OF HIGH-FLUX RECHARGED, TRAPPED, AND FRACTIONATED MAGMA CHAMBER(S) IN THE GENESIS OF HIGH-AL2O3 FROM HIGH-MGO BASALT",False,False,False
Kamchatka arc front,2486,True,10.1016/0012-821X(95)00196-J,1995.0,"PB ISOTOPE COMPOSITION OF KLYUCHEVSKOY VOLCANO, KAMCHATKA AND NORTH PACIFIC SEDIMENTS: IMPLICATIONS FOR MAGMA GENESIS AND CRUSTAL RECYCLING IN THE KAMCHATKAN ARC",False,False,False
Kamchatka arc front,2489,True,10.1038/344031a0,1990.0,THE SUBDUCTED COMPONENT IN ISLAND ARC LAVAS: CONSTRAINTS FROM BE ISOTOPES AND B-BE SYSTEMATICS,False,False,False
Kamchatka arc front,2506,True,10.1029/GL004i010p00465,1977.0,THE SOURCES OF ISLAND ARCS AS INDICATED BY ND AND SR ISOTOPIC STUDIES,False,False,False
Kamchatka arc front,2511,True,10.1007/BF00371044,1979.0,MAGMA GENESIS IN THE NEW BRITAIN ISLAND ARC: CONSTRAINTS FROM ND AND SR ISOTOPES AND TRACE ELEMENT PATTERNS,False,False,False
Kamchatka arc front,2725,True,,1978.0,FEATURES OF PYROCLASTICS OF THE NORTHERN BREAKTHROUGH OF THE GREAT TOLBACHIK FISSURE ERUPTION AND THE ORIGIN OF ITS PALE-GRAY ASH,False,False,False
Kamchatka arc front,3048,True,10.1080/00206819409465467,1994.0,"GEOCHEMICAL TYPES, PETROLOGY, AND GENESIS OF LATE CENOZOIC VOLCANIC ROCKS FROM THE KURILE-KAMCHATKA ISLAND.ARC SYSTEM",False,False,False
Kamchatka arc front,3268,True,10.1086/629709,1994.0,ON THE TECTONIC SIGNIFICANCE OF ARC VOLCANISM IN NORTHERN KAMCHATKA,False,False,False
Kamchatka arc front,3272,True,10.1016/S0009-2541(98)00154-5,1999.0,"THE GENESIS OF STABLE ISOTOPE (O, H) RECORD IN ARC MAGMAS: THE KAMCHATKAS CASE",False,False,False
Kamchatka arc front,3317,True,,1981.0,GEOCHEMICAL CHARACTERISTICS OF QUATERNARY VOLCANISM OF THE  KURILE-KAMCHATKA ISLAND ARC AND SOME PROBLEMS OF PETROGENESIS,False,False,False
Kamchatka arc front,3393,True,,1994.0,GEOCHEMISTRY OF VOLCANIC ROCKS OF THE EOCENE-OLIGOCENE ISLAND ARC (KAMCHATKA),False,False,False
Kamchatka arc front,3480,True,10.1038/346163a0,1990.0,URANIUM AND 10BE ENRICHMENTS BY FLUIDS IN ANDEAN ARC MAGMAS,False,False,False
Kamchatka arc front,3509,True,10.1016/S0012-821X(99)00288-5,2000.0,"HYDRATED SUB-ARC MANTLE: A SOURCE FOR THE KLUCHEVSKOY VOLCANO, KAMCHATKA/RUSSIA",False,False,False
Kamchatka arc front,3607,True,10.1007/BF00310868,1994.0,"A MODEL OF REVERSE DIFFERENTIATION AT DIKII GREBEN^ VOLCANO, KAMCHATKA: PROGRESSIVE BASIC MAGMA VESICULATION IN A SILICIC MAGMA CHAMBER",False,False,False
Kamchatka arc front,3988,True,,1995.0,GENESIS OF HIGH-ALUMINA BASALTS FROM KLYUCHEVSKOI VOLCANO,False,False,False
Kamchatka arc front,4276,True,10.1093/petrology/42.8.1567,2001.0,"SOURCES AND FLUIDS IN THE MANTLE WEDGE BELOW KAMCHATKA, EVIDENCE FROM ACROSS-ARC GEOCHEMICAL VARIATION",False,True,True
Kamchatka arc front,4590,True,10.1016/S0012-821X(01)00453-8,2001.0,HAFNIUM ISOTOPE EVIDENCE FOR ^CONSERVATIVE^ ELEMENT MOBILITY DURING SUBDUCTION ZONE PROCESSES,False,False,False
Kamchatka arc front,4647,True,10.1016/0377-0273(83)90015-X,1983.0,"POTASSIUM-RICH VOLCANIC ROCKS OF THE MURIAH COMPLEX, JAVA, INDONESIA: PRODUCTS OF MULTIPLE MAGMA SOURCES?",False,False,False
Kamchatka arc front,4769,True,10.1007/BF00287109,1995.0,FORMATION OF A THIRD VOLCANIC CHAIN IN KAMCHATKA: GENERATION OF UNUSUAL SUBDUCTION-RELATED MAGMAS,False,False,False
Kamchatka arc front,4788,True,10.1016/S0377-0273(00)00203-1,2000.0,LATE PLEISTOCENE TO HOLOCENE ACTIVITY AT BAKENING VOLCANO AND SURROUNDING MONOGENETIC CENTERS (KAMCHATKA): VOLCANIC GEOLOGY AND GEOCHEMICAL EVOLUTION,False,True,True
Kamchatka arc front,6279,True,10.1016/S0009-2541(02)00417-5,2003.0,THE NATURE OF METASOMATISM IN THE SUB-ARC MANTLE WEDGE: EVIDENCE FROM RE-OS ISOTOPES IN KAMCHATKA PERIDOTITE XENOLITHS,False,False,False
Kamchatka arc front,6818,True,10.1016/j.gca.2003.07.009,2004.0,VOLCANIC ARC OF KAMCHATKA: A PROVINCE WITH HIGH-D18O MAGMA SOURCES AND LARGE-SCALE 18O/16O DEPLETION OF THE UPPER CRUST,False,False,False
Kamchatka arc front,7063,True,10.1016/j.epsl.2004.05.030,2004.0,BEHAVIOUR OF HIGH FIELD STRENGTH ELEMENTS IN SUBDUCTION ZONES: CONSTRAINTS FROM KAMCHATKA-ALEUTIAN ARC LAVAS,False,True,True
Kamchatka arc front,7176,True,10.1016/j.jvolgeores.2004.07.014,2005.0,AUSTRALIA AND INDONESIA IN COLLISION: GEOCHEMICAL SOURCES OF MAGMATISM,False,False,False
Kamchatka arc front,7201,True,10.1093/petrology/egh059,2004.0,"THE 1996 ERUPTION OF KARYMSKY VOLCANO, KAMCHATKA: HISTORICAL RECORD OF BASALTIC REPLENISHMENT OF AN ANDESITE RESERVOIR",False,False,False
Kamchatka arc front,7321,True,,1999.0,OXYGEN ISOTOPE GEOCHEMISTRY OF EXTRUSIVE ROCKS OF THE KURILE-KAMCHATKA ARC,False,False,False
Kamchatka arc front,7640,True,,2000.0,"VARIATIONS IN ISOTOPIC AND TRACE-ELEMENT COMPOSITION OF LAVAS FROM VOLCANOES OF THE NORTHERN GROUP, KAMCHATKA, IN RELATION TO SPECIFIC FEATURES OF SUBDUCTION",False,False,False
Kamchatka arc front,7862,True,10.1016/j.epsl.2005.04.014,2005.0,OXYGEN ISOTOPE EVIDENCE FOR SLAB MELTING IN MODERN AND ANCIENT SUBDUCTION ZONES,False,False,False
Kamchatka arc front,9597,True,10.1016/j.jseaes.2005.04.009,2006.0,"CRETACEOUS ACCRETIONARY COMPLEX RELATED TO OKHOTSK-CHUKOTKA SUBDUCTION, OMGON RANGE, WESTERN KAMCHATKA, RUSSIAN FAR EAST",False,False,False
Kamchatka arc front,9813,True,10.1016/j.gca.2006.09.018,2007.0,DRASTIC SHIFT IN LAVA GEOCHEMISTRY IN THE VOLCANIC-FRONT TO REAR-ARC REGION OF THE SOUTHERN KAMCHATKAN SUBDUCTION ZONE: EVIDENCE FOR THE TRANSITION FROM SLAB SURFACE DEHYDRATION TO SEDIMENT MELTING,False,False,False
Kamchatka arc front,9909,True,10.1093/petrology/egl065,2007.0,"MELTING AND MULTI-STAGE METASOMATISM IN THE MANTLE WEDGE BENEATH A FRONTAL ARC INFERRED FROM HIGHLY DEPLETED PERIDOTITE XENOLITHS FROM THE AVACHA VOLCANO, SOUTHERN KAMCHATKA",False,False,False
Kamchatka arc front,10896,True,10.1016/j.gca.2007.08.006,2007.0,"A 210PB-226RA-230TH-238U STUDY OF KLYUCHEVSKOY AND BEZYMIANNY VOLCANOES, KAMCHATKA",False,False,False
Kamchatka arc front,10990,True,,1997.0,"PETROLOGICAL-GEOCHEMICAL MODEL FOR GENETIC RELATIONSHIPS BETWEEN BASALTIC AND ANDESITIC MAGMATISM OF KLYUCHEVSKOY AND BEZYMYANNYI VOLCANOES, KAMCHATKA",False,False,False
Kamchatka arc front,11661,True,10.1134/S1028334X08010091,2008.0,"COMPOSITIONAL HETEROGENEITY OF THE ISLAND-ARC ROCKS OF THE KRONOTSKY AND KAMCHATSKY MYS SEGMENTS OF THE KRONOTSKY PALEOARC, KAMCHATKA",False,False,False
Kamchatka arc front,12332,True,10.1134/S1028334X08040168,2008.0,"FIRST DATA ON THE DISTRIBUTION OF PLATINUM GROUP ELEMENTS (IR, OS, RU, PT, AND PD) AND RE IN ISLAND-ARC BASALTS OF KAMCHATKA",False,False,False
Kamchatka arc front,12598,True,10.1016/j.lithos.2008.02.010,2008.0,LIMITED INFLUENCE OF SUBDUCTED CONTINENTAL MATERIAL ON MINERALOGY AND ELEMENTAL GEOCHEMISTRY OF PRIMITIVE MAGMAS FROM INDONESIA-AUSTRALIA COLLISION ZONE,False,False,False
Kamchatka arc front,12740,True,10.1134/S086959110803003X,2008.0,EARLY CENOZOIC MAGMATISM IN THE CONTINENTAL MARGIN OF KAMCHATKA,False,False,False
Kamchatka arc front,12904,True,10.1007/s00410-008-0330-0,2009.0,"THE ORIGIN OF HYDROUS, HIGH-D18O VOLUMINOUS VOLCANISM: DIVERSE OXYGEN ISOTOPE VALUES AND HIGH MAGMATIC WATER CONTENTS WITHIN THE VOLCANIC RECORD OF KLYUCHEVSKOY VOLCANO, KAMCHATKA, RUSSIA",False,False,False
Kamchatka arc front,13270,True,,1999.0,GEOCHEMISTRY AND PETROLOGY OF LATE CRETACEOUS AND CENOZOIC BASALTS FROM EXTENSIONAL ZONES AT THE CONTINENTAL MARGIN OF NORTHEASTERN ASIA,False,False,False
Kamchatka arc front,13358,True,10.1134/S0016702909040028,2009.0,GEODYNAMIC SETTINGS AND MAGMA SOURCES OF THE LATE CRETACEOUS-EARLY PALEOCENE MAGMATIC COMPLEXES OF NORTHERN KAMCHATKA,False,False,False
Kamchatka arc front,13647,True,10.1016/j.gr.2009.02.008,2009.0,"PACIFIC SUPERPLUME-RELATED OCEANIC BASALTS HOSTED BY ACCRETIONARY COMPLEXES OF CENTRAL ASIA, RUSSIAN FAR EAST AND JAPAN",False,False,False
Kamchatka arc front,15259,True,10.1016/j.gca.2011.01.031,2011.0,THE EARTH^S TUNGSTEN BUDGET DURING MANTLE MELTING AND CRUST FORMATION,False,False,False
Kamchatka arc front,15280,True,10.1134/S0742046309060013,2009.0,THE KARYMSKII VOLCANIC CENTER: VOLCANIC ROCK GEOCHEMISTRY,False,False,False
Kamchatka arc front,15404,True,10.1007/s00410-010-0565-4,2011.0,"HIGH-MG# ANDESITIC LAVAS OF THE SHISHEISKY COMPLEX, NORTHERN KAMCHATKA: IMPLICATIONS FOR PRIMITIVE CALC-ALKALINE MAGMATISM",False,False,False
Kamchatka arc front,15438,True,10.1130/G20853.1,2005.0,TRANSITION FROM ARC TO OCEANIC MAGMATISM AT THE KAMCHATKA-ALEUTIAN JUNCTION,False,False,False
Kamchatka arc front,15897,True,,1999.0,"KHARCHINSKII AND ZARECHNYI VOLCANOES, UNIQUE CENTERS OF LATE PLEISTOCENE MAGNESIAN BASALTS IN KAMCHATKA: COMPOSITION OF ERUPTED ROCKS",False,False,False
Kamchatka arc front,15899,True,,2001.0,MELT INCLUSIONS IN MINERALS OF ALLIVALITES OF THE KURIL-KAMCHATKA ISLAND ARC,False,False,False
Kamchatka arc front,17884,True,10.1134/S1028334X13090201,2013.0,FIRST DATA ON COMPOSITION OF THE VOLCANIC ROCKS OF THE IVS 50TH ANNIVERSARY FISSURE TOLBACHIK ERUPTION (KAMCHATKA),False,False,False
Kamchatka arc front,18976,True,10.1007/s00410-014-1067-6,2014.0,"DECIPHERING PETROGENIC PROCESSES USING PB ISOTOPE RATIOS FROM TIME-SERIES SAMPLES AT BEZYMIANNY AND KLYUCHEVSKOY VOLCANOES, CENTRAL KAMCHATKA DEPRESSION",False,False,False
Kamchatka arc front,19034,True,10.1016/j.jvolgeores.2014.09.003,2014.0,"EVOLUTION AND GENESIS OF VOLCANIC ROCKS FROM MUTNOVSKY VOLCANO, KAMCHATKA",False,True,True
Kamchatka arc front,19961,True,10.1016/j.jvolgeores.2015.07.014,2015.0,"MONITORING OF THE VOLCANIC ROCK COMPOSITIONS DURING THE 2012-2013 FISSURE ERUPTION AT TOLBACHIK VOLCANO, KAMCHATKA",False,False,False
Kamchatka arc front,19962,True,10.1016/j.jvolgeores.2015.08.015,2015.0,"GEOCHEMISTRY OF THE LATE HOLOCENE ROCKS FROM THE TOLBACHIK VOLCANIC FIELD, KAMCHATKA: QUANTITATIVE MODELLING OF SUBDUCTION-RELATED OPEN MAGMATIC SYSTEMS",False,False,False
Kamchatka arc front,19963,True,10.1016/j.jvolgeores.2015.10.026,2015.0,"PETROLOGICAL AND GEOCHEMICAL EVOLUTION OF THE TOLBACHIK VOLCANIC MASSIF, KAMCHATKA, RUSSIA",False,False,False
Kamchatka arc front,20025,True,10.1016/j.epsl.2015.12.034,2016.0,"GOLD RECYCLING AND ENRICHMENT BENEATH VOLCANOES: A CASE STUDY OF TOLBACHIK, KAMCHATKA",False,False,False
Kamchatka arc front,20346,True,10.1016/j.gca.2016.03.033,2016.0,"GEOCHEMISTRY OF BASALTS FROM SMALL ERUPTIVE CENTERS NEAR VILLARRICA STRATOVOLCANO, CHILE: EVIDENCE FOR LITHOSPHERIC MANTLE COMPONENTS IN CONTINENTAL ARC MAGMAS",False,True,True
Kamchatka arc front,20395,True,10.1007/s00445-016-1038-z,2016.0,ABRUPT TRANSITION FROM FRACTIONAL CRYSTALLIZATION TO MAGMA MIXING AT GORELY VOLCANO (KAMCHATKA) AFTER CALDERA COLLAPSE,False,False,False
Kamchatka arc front,20793,True,10.1016/j.epsl.2015.06.061,2015.0,COPPER ISOTOPIC COMPOSITION OF THE SILICATE EARTH,False,False,False
Kamchatka arc front,21026,True,10.1007/s00410-017-1347-z,2017.0,"A PETROLOGICAL AND GEOCHEMICAL STUDY ON TIME-SERIES SAMPLES FROM KLYUCHEVSKOY VOLCANO, KAMCHATKA ARC",False,False,False
Kamchatka arc front,21486,True,10.1016/j.lithos.2017.08.012,2017.0,"PLATINUM-GROUP ELEMENTS AND GOLD IN SULFIDE MELTS FROM MODERN ARC BASALT (TOLBACHIK VOLCANO, KAMCHATKA)",False,False,False
Kamchatka arc front,21668,True,10.1016/j.chemgeo.2017.09.013,2018.0,"SILICATE-SULFIDE LIQUID IMMISCIBILITY IN MODERN ARC BASALT (TOLBACHIK VOLCANO, KAMCHATKA): PART I. OCCURRENCE AND COMPOSITIONS OF SULFIDE MELTS",False,False,False
Kamchatka arc front,22052,True,10.1016/j.epsl.2018.04.039,2018.0,CONTROLS ON THE IRON ISOTOPIC COMPOSITION OF GLOBAL ARC MAGMAS,False,False,False
Kamchatka arc front,22360,True,10.1016/j.rgg.2018.08.003,2018.0,HIGH-K BASALTIC TRACHYANDESITE XENOLITHS IN PYROCLASTIC DEPOSITS FROM THE BEZYMIANNY VOLCANO (KAMCHATKA),False,False,False
Kamchatka arc front,22526,True,10.1016/j.lithos.2018.10.011,2018.0,CHROMIUM SPINEL IN LATE QUATERNARY VOLCANIC ROCKS FROM KAMCHATKA: IMPLICATIONS FOR SPATIAL COMPOSITIONAL VARIABILITY OF SUBARC MANTLE AND ITS OXIDATION STATE,False,False,False
Kamchatka arc front,22560,True,10.1134/S0742046308040027,2008.0,"Olivine Basalts at the Karymskii Volcanic Center: Mineralogy, Petrogenesis, and Magma Sources",False,False,False
Kamchatka arc front,22589,True,10.1016/j.jvolgeores.2013.01.019,2013.0,RELATIONSHIP BETWEEN KAMEN VOLCANO AND THE KLYUCHEVSKAYA GROUP OF VOLCANOES (KAMCHATKA),False,False,False
Kamchatka arc front,22592,True,10.1016/j.jvolgeores.2013.01.003,2013.0,"DECODING CRYSTAL FRACTIONATION IN CALC-ALKALINE MAGMAS FROM THE BEZYMIANNY VOLCANO (KAMCHATKA, RUSSIA) USING MINERAL AND BULK ROCK COMPOSITIONS",False,False,False
Kamchatka arc front,23079,True,10.1134/S0869591119030020,2019.0,"EVOLUTION OF THE ISOTOPIC-GEOCHEMICAL COMPOSITION OF ROCKS OF UKSICHAN VOLCANO, SREDINNYI RANGE, KAMCHATKA, AND ITS RELATIONS TO THE TECTONIC RESTYLING OF KAMCHATKA IN THE NEOGENE",False,False,False
Kamchatka arc front,23355,True,10.1029/2019GC008478,2019.0,"FRAGMENTS OF METASOMATIZED FOREARC: ORIGIN AND IMPLICATIONS OF MAFIC AND ULTRAMAFIC XENOLITHS FROM KHARCHINSKY VOLCANO, KAMCHATKA",False,False,False
Kamchatka arc front,23448,True,10.1016/j.lithos.2018.07.029,2018.0,"TEXTURAL, MORPHOLOGICAL AND COMPOSITIONAL VARIETIES OF MODERN ARC SULFIDES: A CASE STUDY OF THE TOLBACHIK VOLCANO, KAMCHATKA",False,False,False
Kamchatka arc front,24346,True,10.1016/j.jvolgeores.2020.107108,2020.0,"AMPHIBOLE RECORD OF THE 1964 PLINIAN AND FOLLOWING DOME-FORMING ERUPTIONS OF SHIVELUCH VOLCANO, KAMCHATKA",False,False,False
Kamchatka arc front,24876,True,10.1029/2020GC009608,2021.0,THALLIUM ISOTOPE FRACTIONATION DURING MAGMA DEGASSING: EVIDENCE FROM EXPERIMENTS AND KAMCHATKA ARC LAVAS,False,True,True
Kamchatka arc front,25752,True,10.1016/j.lithos.2022.106608,2022.0,PLATINUM-GROUP ELEMENTS IN LATE QUATERNARY HIGH-MG BASALTS OF EASTERN KAMCHATKA: EVIDENCE FOR MINOR CRYPTIC SULFIDE FRACTIONATION IN PRIMITIVE ARC MAGMAS,False,False,False
Kamchatka arc front,26179,True,10.1093/petrology/egac087,2022.0,"TRACING VOLATILES, HALOGENS, AND CHALCOPHILE METALS DURING MELT EVOLUTION AT THE TOLBACHIK MONOGENETIC FIELD, KAMCHATKA",False,False,False
Kamchatka arc front,26335,True,10.3389/feart.2021.791465,2021.0,NOBLE METALS IN ARC BASALTIC MAGMAS WORDWIDE: A CAST STUDY OF MODERN AND PRE-HISTORIC LAVAS OF TOLBACHIK VOLCANO,False,False,False
Kamchatka arc front,26337,True,10.1134/S0869591122050022,2022.0,PAUZHETKA CALDERA (SOUTH KAMCHATKA): ?XPLORING TEMPORAL EVOLUTION AND ORIGIN OF VOLUMINOUS SILICIC MAGMATISM,False,False,False
Kamchatka arc front,26813,True,10.5880/digis.2023.002,2023.0,GEOCHEMICAL DATA ON THE LATE-CRETACEOUS PRIMITIVE INTRAOCEANIC ARC LAVAS OF THE OLYUTORSKY TERRAIN,False,False,False
Kamchatka arc front,28817,True,10.1016/j.chemgeo.2024.122302,2024.0,MOLYBDENUM ISOTOPE INSIGHTS INTO RECYCLING OF WEDGE SERPENTINITE AND FORE-ARC CRUST IN SUBDUCTION ZONES,False,False,False
Kamchatka arc front,28846,True,10.1016/j.epsl.2024.119016,2024.0,TRACING ISLAND ARC PETROGENESIS USING POTASSIUM ISOTOPES,False,False,False
Kamchatka arc front,29479,False,,,,False,False,False
Kamchatka arc front,29802,False,,,,False,False,False
Kamchatka arc front,29835,False,,,,False,False,False
High Cascades,1701,True,10.1016/S0012-821X(99)00272-1,2000.0,LARGE VOLUME RECYCLING OF OCEANIC LITHOSPHERE OVER SHORT TIME SCALES: GEOCHEMICAL CONSTRAINTS FROM THE CARIBBEAN LARGE IGNEOUS PROVINCE,False,False,False
High Cascades,2261,True,10.1016/S0012-821X(00)00051-0,2000.0,"RE-OS ISOTOPIC SYSTEMATICS OF PRIMITIVE LAVAS FROM THE LASSEN REGION OF THE CASCADE ARC, CALIFORNIA",False,False,False
High Cascades,3208,True,10.1093/petrology/35.6.1521,1994.0,"MULTIPLE ISOTOPIC COMPONENTS IN QUATERNARY VOLCANIC ROCKS OF THE CASCADE ARC NEAR CRATER LAKE, OREGON",False,False,False
High Cascades,3406,True,,1992.0,"SPATIAL VARIATION IN CHEMICAL COMPOSITION OF PLIOCENE AND QUATERNARY VOLCANIC ROCKS IN SOUTHWESTERN HOKKAIDO, NORTHEASTERN JAPAN ARC",False,False,False
High Cascades,3576,True,10.1016/0377-0273(93)90042-P,1993.0,THE ORIGIN OF MOUNT ST. HELENS ANDESITES,False,False,False
High Cascades,3613,True,10.1007/BF01052863,1994.0,"PRIMITIVE BASALTS AND ANDESITES FROM THE MT. SHASTA REGION, N. CALIFORNIA: PRODUCTS OF VARYING MELT FRACTION AND WATER CONTENT",False,False,False
High Cascades,3657,True,,1997.0,"THE VARIABLE ROLE OF SLAB-DERIVED FLUIDS IN THE GENERATION OF A SUITE OF PRIMITIVE CALC-ALKALINE LAVAS FROM THE SOUTHERNMOST CASCADES, CALIFORNIA",False,False,False
High Cascades,3754,True,10.1016/0012-821X(83)90040-7,1983.0,THE ISOTOPIC AND CHEMICAL EVOLUTION OF MOUNT ST. HELENS,False,False,False
High Cascades,3755,True,10.1029/JB095iB12p19561,1990.0,COMPOSITIONAL DIVERSITY OF LATE CENOZOIC BASALTS IN A TRANSECT ACROSS THE SOUTHERN WASHINGTON CASCADES: IMPLICATIONS FOR SUBDUCTION ZONE MAGMATISM,False,False,False
High Cascades,3796,True,10.1029/JB092iB10p10313,1987.0,PETROGENESIS OF MOUNT ST. HELENS DACITIC MAGMAS,False,False,False
High Cascades,4134,True,,1983.0,TWO OPHIOLITE SEQUENCES FROM THE BASEMENT OF THE NORTHERN TONGA ARC,False,False,False
High Cascades,4190,True,10.1016/0016-7037(95)00405-X,1996.0,THE ROLE OF HYDROTHERMAL FLUIDS IN THE PRODUCTION OF SUBDUCTION ZONE MAGMAS: EVIDENCE FROM SIDEROPHILE AND CHALCOPHILE TRACE ELEMENTS AND BORON,False,False,False
High Cascades,4325,True,10.1007/BF02596890,1973.0,THE BEFORE-ERUPTION WATER CONTENT OF SOME HIGH-ALUMINA MAGMAS,False,False,False
High Cascades,4326,True,10.1130/0016-7606(1974)85<1485:CSAWIM>2.0.CO;2,1974.0,"CHLORINE, SULFUR AND WATER IN MAGMAS AND OCEANS",False,False,False
High Cascades,4329,True,10.1029/91JB01901,1991.0,"THE GIANT CRATER LAVA FIELD: GEOLOGY AND GEOCHEMISTRY OF A COMPOSITIONALLY ZONED, HIGH-ALUMINA BASALT TO BASALTIC ANDESITE ERUPTION AT MEDICINE LAKE VOLCANO, CALIFORNIA",False,False,False
High Cascades,4438,True,10.1130/0016-7606(1994)106<1413:PAGOAB>2.3.CO;2,1994.0,"POTASSIUM-ARGON GEOCHRONOLOGY OF A BASALT-ANDESITE-DACITE ARC SYSTEM: THE MOUNT ADAMS VOLCANIC FIELD, CASCADE RANGE OF SOUTHERN WASHINGTON",False,False,False
High Cascades,4449,True,10.1093/petrology/31.1.135,1990.0,"CALC-ALKALINE, SHOSHONITIC AND PRIMITIVE THOLEIITIC LAVAS FROM MONOGENETIC VOLCANOES NEAR CRATER LAKE, OREGON",False,False,False
High Cascades,4450,True,,1997.0,"PRIMITIVE MAGMAS AT FIVE CASCADE VOLCANIC FIELDS: MELTS FROM HOT, HETEROGENEOUS SUB-ARC MANTLE",False,False,False
High Cascades,4452,True,,1997.0,"DIVERSE PRIMITIVE MAGMA COMPOSITION IN THE CASCADE ARC, NORTHERN OREGON AND SOUTHERN WASHINGTON",False,False,False
High Cascades,4456,True,10.1139/e84-079,1984.0,RARE EARTH ELEMENT CONCENTRATIONS IN QUATERNARY VOLCANIC ROCKS FROM SOUTHWESTERN BRITISH COLUMBIA,False,False,False
High Cascades,4458,True,10.1029/JB095iB12p19623,1990.0,"MAFIC MAGMATISM AND ASSOCIATED TECTONISM OF THE CENTRAL HIGH CASCADES RANGE, OREGON",False,False,False
High Cascades,4459,True,10.1130/0016-7606(1986)97<1024:GPATIO>2.0.CO;2,1986.0,"GEOCHEMISTRY, PETROGENESIS, AND TECTONIC IMPLICATIONS OF CENTRAL HIGH CASCADE MAFIC PLATFORM LAVAS",False,False,False
High Cascades,4584,True,10.1007/s004100100259,2001.0,"TRACE ELEMENT AND ISOTOPIC EVIDENCE FOR TWO TYPES OF CRUSTAL MELTING BENEATH A HIGH CASCADE VOLCANIC CENTER, MT. JEFFERSON, OREGON",False,False,False
High Cascades,4684,True,10.1007/s004100100299,2002.0,"THE ROLE OF A H2O-RICH FLUID COMPONENT IN THE GENERATION OF PRIMITIVE BASALTIC ANDESITES AND ANDESITES FROM THE MT. SHASTA REGION, N CALIFORNIA",False,False,False
High Cascades,4790,True,10.1007/s004100050561,2000.0,"YOUNG BASALTS OF THE CENTRAL WASHINGTON CASCADES, FLUX MELTING OF THE MANTLE, AND TRACE ELEMENT SIGNATURES OF PRIMARY ARC MAGMAS",False,False,False
High Cascades,4943,True,10.1093/petrology/43.4.705,2002.0,ANCIENT AND MODERN SUBDUCTION ZONE CONTRIBUTIONS TO THE MANTLE SOURCES OF LAVAS FROM THE LASSEN REGION OF CALIFORNIA INFERRED FROM LU-HF ISOTOPIC SYSTEMATICS,False,False,False
High Cascades,5289,True,10.1016/S0012-821X(02)00758-6,2002.0,IS THE ICELAND HOT SPOT ALSO WET? EVIDENCE FROM THE WATER CONTENTS OF UNDEGASSED SUBMARINE AND SUBGLACIAL PILLOW BASALTS,False,False,False
High Cascades,5647,True,10.1016/S0377-0273(02)00358-X,2002.0,"ORIGIN AND EMPLACEMENT OF THE ANDESITE OF BURROUGHS MOUNTAIN, A ZONED, LARGE-VOLUME LAVA FLOW AT MOUNT RAINIER, WASHINGTON, USA",False,False,False
High Cascades,5796,True,10.1007/PL00007657,2000.0,"LATE HOLOCENE HYDROUS MAFIC MAGMATISM AT PAINT POT CRATER AND CALLAHAN FLOWS, MEDICINE LAKE VOLCANO, N. CALIFORNIA AND THE INFLUENCE OF H2O IN THE GENERATION OF SILICIC MAGMAS",False,False,False
High Cascades,6051,True,,1996.0,PETROLOGY AND GEOCHEMISTRY OF THE 1991 ERUPTION PRODUCTS OF MOUNT PINATUBO,False,False,False
High Cascades,6578,True,10.1093/petrology/egg057,2003.0,TIME-SCALES OF DIFFERENTIATION FROM MAFIC PARENTS TO RHYOLITE IN NORTH AMERICAN CONTINENTAL ARCS,False,False,False
High Cascades,6901,True,10.1016/j.chemgeo.2003.08.002,2004.0,"ISOTOPE AND TRACE ELEMENT VARIATIONS IN LAVAS FROM RAIVAVAE AND RAPA, COOK-AUSTRAL ISLANDS: CONSTRAINTS ON THE NATURE OF HIMU- AND EM-MANTLE AND THE ORIGIN OF MID-PLATE VOLCANISM IN FRENCH POLYNESIA",False,False,False
High Cascades,6995,True,10.1007/s00445-003-0301-2,2004.0,"EROSION BY FLOWING LAVA: GEOCHEMICAL EVIDENCE IN THE CAVE BASALT, MOUNT ST. HELENS, WASHINGTON",False,False,False
High Cascades,7033,True,10.1007/s004100050099,1995.0,"EVIDENCE OF HYDROUS DIFFERENTIATION AND CRYSTAL ACCUMULATION IN THE LOW-MGO, HIGH-AL2O3 LAKE BASALT FROM MEDICINE LAKE VOLCANO, CALIFORNIA",False,False,False
High Cascades,7037,True,10.1029/91JB01945,1991.0,"ORIGIN OF COMPOSITIONAL ZONATION (HIGH-ALUMINA BASALT TO BASALTIC ANDESITE) IN THE GIANT CRATER LAVA FIELD, MEDICINE LAKE VOLCANO, NORTHERN CALIFORNIA",False,False,False
High Cascades,7161,True,10.1016/S0301-9268(02)00009-8,2002.0,SPATIAL AND TEMPORAL VARIATIONS IN THE GEOCHEMISTRY OF KOMATIITES AND KOMATIITIC BASALTS IN THE ABITIBI GREENSTONE BELT,False,False,False
High Cascades,7175,True,10.1016/j.jvolgeores.2004.07.017,2005.0,CONSEQUENCES OF VARIED SLAB AGE AND THERMAL STRUCTURE ON ENRICHMENT PROCESSES IN THE SUB-ARC MANTLE OF THE NORTHERN CASCADIA SUBDUCTION SYSTEM,False,False,False
High Cascades,7186,True,10.1016/j.chemgeo.2004.08.010,2004.0,BORON AND LITHIUM ISOTOPIC VARIATIONS IN A HOT SUBDUCTION ZONE - THE SOUTHERN WASHINGTON CASCADES,False,False,False
High Cascades,8496,True,10.1093/petrology/egi056,2005.0,SIMILAR V/SC SYSTEMATICS IN MORB AND ARC BASALTS: IMPLICATIONS FOR THE OXYGEN FUGACITIES OF THEIR MANTLE SOURCE REGIONS,False,False,False
High Cascades,9165,True,10.2113/gsecongeo.100.6.1169,2005.0,"CHALCOPHILE ELEMENT GEOCHEMISTRY AND METALLOGENESIS OF KOMATIITIC ROCKS IN THE ABITIBI GREENSTONE BELT, CANADA",False,False,False
High Cascades,10631,True,10.1016/j.jvolgeores.2004.07.016,2005.0,PETROLOGIC CONSTRAINTS ON THE THERMAL STRUCTURE OF THE CASCADES ARC,False,False,False
High Cascades,10782,True,10.1016/j.epsl.2006.08.019,2006.0,LITHIUM ISOTOPE FRACTIONATION IN THE SOUTHERN CASCADIA SUBDUCTION ZONE,False,False,False
High Cascades,11187,True,10.1016/j.epsl.2007.11.013,2008.0,SEGMENTATION OF THE CASCADE ARC AS INDICATED BY SR AND ND ISOTOPIC VARIATION AMONG DIVERSE PRIMITIVE BASALTS,False,False,False
High Cascades,12700,True,10.1093/petrology/35.1.95,1994.0,GEOCHEMISTRY AND PETROGENESIS OF CENTRAL LEBOMBO BASALTS OF THE KAROO IGNEOUS PROVINCE,False,False,False
High Cascades,12898,True,10.1016/j.epsl.2008.10.014,2009.0,NEW CONSTRAINTS ON THE HIMU MANTLE FROM NEON AND HELIUM ISOTOPIC COMPOSITIONS OF BASALTS FROM THE COOK-AUSTRAL ISLANDS,False,False,False
High Cascades,12903,True,10.1007/s00410-008-0329-6,2009.0,"ISOTOPIC AND TRACE ELEMENT CONSTRAINTS ON THE PETROGENESIS OF LAVAS FROM THE MOUNT ADAMS VOLCANIC FIELD, WASHINGTON",False,False,False
High Cascades,12936,True,10.1016/j.epsl.2008.11.009,2009.0,LITHIUM ISOTOPE SYSTEMATICS OF LAVAS FROM THE COOK-AUSTRAL ISLANDS: CONSTRAINTS ON THE ORIGIN OF HIMU MANTLE,False,False,False
High Cascades,13085,True,10.1093/petrology/egn072,2009.0,SUBDUCTION INFLUENCE ON OXYGEN FUGACITY AND TRACE AND VOLATILE ELEMENTS IN BASALTS ACROSS THE CASCADE VOLCANIC ARC,False,False,False
High Cascades,13184,True,10.1007/BF00285935,1991.0,"HIGH PRESSURE PHASE RELATIONS OF PRIMITIVE HIGH-ALUMINA BASALTS FROM MEDICINE LAKE VOLCANO, NORTHERN CALIFORNIA",False,False,False
High Cascades,13454,True,10.1130/0091-7613(2003)031<0427:NOIEFI>2.0.CO;2,2003.0,NEW OSMIUM ISOTOPE EVIDENCE FOR INTRACRUSTAL RECYCLING OF CRUSTAL DOMAINS WITH DISCRETE AGES,False,False,False
High Cascades,13763,True,10.1002/jqs.1065,2007.0,USING GEOCHEMISTRY AS A TOOL FOR CORRELATING PROXIMAL ANDESITIC TEPHRA: CASE STUDIES FROM MT RAINIER (USA) AMD MT RUAPEHU (NEW ZEALAND),False,False,False
High Cascades,14784,True,10.1016/j.epsl.2008.09.035,2009.0,DISCRIMINATING ASSIMILANTS AND DECOUPLING DEEP- VS. SHALLOW-LEVEL CRYSTAL RECORDS AT MOUNT ADAMS USING 238U-230TH DISEQUILIBRIA AND OS ISOTOPES,False,False,False
High Cascades,15004,True,10.1007/s00410-010-0522-2,2011.0,"THE GENERATION OF A DIVERSE SUITE OF LATE PLEISTOCENE AND HOLOCENE BASALT THROUGH DACITE LAVAS FROM THE NORTHERN CASCADE ARC AT MOUNT BAKER, WASHINGTON",False,False,False
High Cascades,15091,True,10.2138/am.2006.1818,2006.0,ANOMALOUSLY HIGH FE CONTENTS IN REHOMOGENIZED OLIVINE-HOSTED MELT INCLUSIONS FROM OXIDIZED MAGMAS,False,False,False
High Cascades,15195,True,10.1016/j.lithos.2010.09.009,2011.0,"SECULAR VARIATIONS IN MAGMATISM DURING A CONTINENTAL ARC TO POST-ARC TRANSITION: PLIO-PLEISTOCENE VOLCANISM IN THE LAKE TAHOE/TRUCKEE AREA, NORTHERN SIERRA NEVADA, CALIFORNIA",False,False,False
High Cascades,15253,True,10.1093/petrology/egq094,2011.0,"DEEP MAFIC ROOTS TO ARC VOLCANOES: MAFIC RECHARGE AND DIFFERENTIATION OF BASALTIC ANDESITE AT NORTH SISTER VOLCANO, OREGON CASCADES",False,False,False
High Cascades,15673,True,10.1130/B30370.1,2011.0,"DIVERSE, DISCRETE, MANTLE-DERIVED BATCHES OF BASALT ERUPTED ALONG A SHORT NORMAL FAULT ZONE: THE POISON LAKE CHAIN, SOUTHERNMOST CASCADES",False,False,False
High Cascades,15717,True,10.1016/j.jvolgeores.2011.06.003,2011.0,"ERUPTIVE HISTORY OF SOUTH SISTER, OREGON CASCADES",False,False,False
High Cascades,15780,True,10.1016/j.epsl.2011.09.060,2011.0,U-SERIES ISOTOPE SYSTEMATICS OF MAFIC MAGMAS FROM CENTRAL OREGON: IMPLICATIONS FOR FLUID INVOLVEMENT AND MELTING PROCESSES IN THE CASCADE ARC,False,False,False
High Cascades,15956,True,10.1007/s00410-011-0686-4,2012.0,"MAFIC MAGMAS FROM MOUNT BAKER IN THE NORTHERN CASCADE ARC, WASHINGTON: PROBES INTO MANTLE AND CRUSTAL PROCESSES",False,False,False
High Cascades,17166,True,10.1016/j.gca.2013.02.003,2013.0,RE AND OS ISOTOPES OF THE CENTRAL OREGON CASCADES AND ALONG THE ARC INDICATE VARIABLE HOMOGENIZATION AND MAFIC GROWTH IN THE DEEP CRUST,False,False,False
High Cascades,17450,True,10.1007/s00410-013-0891-4,2013.0,"DISTINGUISHING LOWER AND UPPER CRUSTAL PROCESSES IN MAGMAS ERUPTED DURING THE BUILDUP TO THE 7.7 KA CLIMACTIC ERUPTION OF MOUNT MAZAMA, CRATER LAKE, OREGON, USING 238U-230TH DISEQUILIBRIA",False,False,False
High Cascades,17710,True,10.1002/ggge.20191,2013.0,"SR-ND-HF-PB ISOTOPE AND TRACE ELEMENT EVIDENCE FOR THE ORIGIN OF ALKALIC BASALTS IN THE GARIBALDI BELT, NORTHERN CASCADE ARC",False,False,False
High Cascades,18091,True,10.1093/petrology/egt064,2014.0,"ORIGIN OF BASALTS IN A HOT SUBDUCTION SETTING: PETROLOGICAL AND GEOCHEMICAL INSIGHTS FROM MT. BAKER, NORTHERN CASCADE ARC",False,False,False
High Cascades,18114,True,10.1130/B30852.1,2014.0,PETROGENESIS OF MOUNT RAINIER ANDESITE: MAGMA FLUX AND GEOLOGIC CONTROLS ON THE CONTRASTING DIFFERENTIATION STYLES AT STRATOVOLCANOES OF THE SOUTHERN WASHINGTON CASCADES,False,False,False
High Cascades,19246,True,10.1016/j.epsl.2015.01.010,2015.0,EVIDENCE FOR TRENCH-PARALLEL MANTLE FLOW IN THE NORTHERN CASCADE ARC FROM BASALT GEOCHEMISTRY,False,False,False
High Cascades,19899,True,10.1016/j.lithos.2015.10.009,2015.0,"SNOW PEAK, OREGON: LATEST MIOCENE LOW-K THOLEIITE VOLCANISM IN THE CASCADIA FOREARC",False,False,False
High Cascades,20728,True,10.1016/j.chemgeo.2016.11.006,2017.0,PRIMITIVE ARC MAGMA DIVERSITY: NEW GEOCHEMICAL INSIGHTS IN THE CASCADE ARC,False,False,False
High Cascades,21997,True,10.1038/nature12292,2013.0,MELTING DURING LATE-STAGE RIFTING IN AFAR IS HOT AND DEEP,False,False,False
High Cascades,22539,True,10.1130/L731.1,2018.0,"EOCENE BASALT OF SUMMIT CREEK: SLAB BREAKOFF MAGMATISM IN THE CENTRAL WASHINGTON CASCADES, USA",False,False,False
High Cascades,22652,True,10.1007/s00410-018-1544-4,2019.0,GEOCHEMICAL AND PETROLOGICAL DIVERSITY OF MAFIC MAGMAS FROM MOUNT ST. HELENS,False,False,False
High Cascades,22656,True,10.1007/s00410-018-1542-6,2019.0,"THE GENESIS OF ARC DACITES: THE CASE OF MOUNT ST. HELENS, WA",False,False,False
High Cascades,24335,True,10.1130/G48076.1,2020.0,SIMULTANEOUS MIDDLE PLEISTOCENE ERUPTION OF THREE WIDESPREAD THOLEIITIC BASALTS IN NORTHERN CALIFORNIA (USA): INSIGHTS INTO CRUSTAL MAGMA TRANSPORT IN AN ACTIVELY EXTENDING BACK ARC ,False,False,False
High Cascades,28817,True,10.1016/j.chemgeo.2024.122302,2024.0,MOLYBDENUM ISOTOPE INSIGHTS INTO RECYCLING OF WEDGE SERPENTINITE AND FORE-ARC CRUST IN SUBDUCTION ZONES,False,False,False
Central America southeastern segment,2491,True,10.1029/JB094iB04p04619,1989.0,"COEXISTING CALC-ALKALINE AND HIGH NIOBIUM BASALTS FROM TURRIALBA VOLCANO, COSTA RICA: IMPLICATIONS FOR RESIDUAL TITANITES IN ARC MAGMA SOURCES",False,False,False
Central America southeastern segment,3375,True,10.1016/S0012-821X(97)00037-X,1997.0,OBSERVATIONS OF 231PA/235U DISEQUILIBRIUM IN VOLCANIC ROCKS,False,False,False
Central America southeastern segment,3439,True,10.1016/0016-7037(94)90453-7,1994.0,BORON GEOCHEMISTRY OF THE CENTRAL AMERICAN VOLCANIC ARC: CONSTRAINTS ON THE GENESIS OF SUBDUCTION-RELATED MAGMAS,False,False,False
Central America southeastern segment,4190,True,10.1016/0016-7037(95)00405-X,1996.0,THE ROLE OF HYDROTHERMAL FLUIDS IN THE PRODUCTION OF SUBDUCTION ZONE MAGMAS: EVIDENCE FROM SIDEROPHILE AND CHALCOPHILE TRACE ELEMENTS AND BORON,False,False,False
Central America southeastern segment,5026,True,10.1016/S0016-7037(98)00179-3,1998.0,"TRACE ELEMENT AND U-SERIES SYSTEMATICS FOR 1963-1965 TEPHRAS FROM IRAZÚ VOLCANO, COSTA RICA: IMPLICATIONS FOR MAGMA GENERATION PROCESSES AND TRANSIT TIMES",False,False,False
Central America southeastern segment,5812,True,10.1016/S0016-7037(02)00993-6,2002.0,(231PA/235U)-(230TH/238U) OF YOUNG MAFIC VOLCANIC ROCKS FROM NICARAGUA AND COSTA RICA AND THE INFLUENCE OF FLUX MELTING ON U-SERIES SYSTEMATICS OF ARC LAVAS,False,False,False
Central America southeastern segment,10939,True,10.1016/j.jvolgeores.2007.08.008,2007.0,"HIGH WATER CONTENTS IN BASALTIC MAGMAS FROM IRAZU VOLCANO, COSTA RICA",False,False,False
Central America southeastern segment,13041,True,10.1029/2008GC002246,2009.0,GALAPAGOS-OIB SIGNATURE IN SOUTHERN CENTRAL AMERICA: MANTLE REFERTILIZATION BY ARC-HOT SPOT INTERACTION,False,False,False
Central America southeastern segment,14525,True,10.1029/2009GC002901,2010.0,"LATE CRETACEOUS ARC DEVELOPMENT ON THE SW MARGIN OF THE CARIBBEAN PLATE: INSIGHTS FROM THE GOLFITO, COSTA RICA, AND AZUERO, PANAMA, COMPLEXES",False,False,False
Central America southeastern segment,15261,True,10.1130/G31703.1,2011.0,OCEANIC INTRAPLATE VOLCANOES EXPOSED: EXAMPLE FROM SEAMOUNTS ACCRETED IN PANAMA,False,False,False
Central America southeastern segment,19730,True,10.1016/j.lithos.2015.07.012,2015.0,"GEOCHEMISTRY OF THE MANTLE SOURCE AND MAGMA FEEDING SYSTEM BENEATH TURRIALBA VOLCANO, COSTA RICA",False,False,False
Central America southeastern segment,20793,True,10.1016/j.epsl.2015.06.061,2015.0,COPPER ISOTOPIC COMPOSITION OF THE SILICATE EARTH,False,False,False
Central America southeastern segment,20839,True,10.1130/B30109.1,2011.0,MAGMATIC HISTORY AND EVOLUTION OF THE CENTRAL AMERICAN LAND BRIDGE IN PANAMA SINCE CRETACEOUS TIMES,False,False,False
Central America southeastern segment,22129,True,10.1016/j.jvolgeores.2018.05.013,2018.0,"GEOLOGICAL, PETROLOGICAL AND GEOCHEMICAL FRAMEWORK OF MIRAVALLES-GUAYABO CALDERA AND RELATED LAVAS, NW COSTA RICA",False,False,False
Central America southeastern segment,23163,True,10.1029/2018GC008128,2019.0,THE RECORD OF THE TRANSITION FROM AN OCEANIC ARC TO A YOUNG CONTINENT IN THE TALAMANCA CORDILLERA,False,False,False
Central America southeastern segment,23669,True,10.1016/j.gr.2019.10.002,2020.0,EARLY CENTRAL AMERICAN FOREARC FOLLOWS THE SUBDUCTION INITIATION RULE,False,False,False
Central America southeastern segment,24679,True,10.1016/j.lithos.2021.106017,2021.0,"UNRAVELLING THE GENESIS OF YOUNG CONTINENTAL-ARC SHOSHONITES IN THE TALAMANCA CORDILLERA, COSTA RICA",False,False,False
Central America southeastern segment,28829,True,10.1029/2011JB008959,2012.0,ARC-CONTINENT COLLISION AND OROCLINE FORMATION: CLOSING OF THE CENTRAL AMERICAN SEAWAY,False,False,False
Central America southeastern segment,28861,True,10.1130/SPE295-p29,1995.0,EARLY TERTIARY ARC VOLCANICS FROM EASTERN PANAMA,False,False,False
Central America northwestern segment,778,True,10.1016/0009-2541(94)00102-E,1995.0,ORIGIN OF ANOMALOUS RARE-EARTH ELEMENT AND YTTRIUM ENRICHMENTS IN SUBAERIALLY EXPOSED BASALTS: EVIDENCE FROM FRENCH POLYNESIA,False,False,False
Central America northwestern segment,2394,True,10.2973/dsdp.proc.60.134.1982,1982.0,PETROGRAPHY AND GEOCHEMISTRY OF BASEMENT ROCKS FROM FIVE LEG 60 SITES,False,False,False
Central America northwestern segment,2492,True,10.1016/0016-7037(94)90273-9,1994.0,U SERIES AND BE ISOTOPE EVIDENCE FOR AN EXTENDED HISTORY OF SUBDUCTION MODIFICATION OF THE MANTLE BELOW NICARAGUA,False,False,False
Central America northwestern segment,2724,True,10.1029/AR048p0360,1990.0,SOUTH SANDWICH ISLANDS,False,False,False
Central America northwestern segment,3129,True,10.1016/S0012-821X(85)80003-0,1985.0,THE SM-ND AGE OF KAMBALDA VOLCANICS IS 500 MA TOO OLD,False,False,False
Central America northwestern segment,3233,True,10.1038/277044a0,1979.0,STRONTIUM ISOTOPE EVIDENCE FOR PETROGENESIS OF CENTRAL AMERICAN ANDESITES,False,False,False
Central America northwestern segment,3348,True,10.1016/S0012-821X(00)00266-1,2000.0,THE 72 MA GEOCHEMICAL EVOLUTION OF THE MADEIRA HOTSPOT (EASTERN NORTH ATLANTIC): RECYCLING OF PALEOZOIC (<500 MA) OCEANIC LITHOSPHERE,False,False,False
Central America northwestern segment,3375,True,10.1016/S0012-821X(97)00037-X,1997.0,OBSERVATIONS OF 231PA/235U DISEQUILIBRIUM IN VOLCANIC ROCKS,False,False,False
Central America northwestern segment,3439,True,10.1016/0016-7037(94)90453-7,1994.0,BORON GEOCHEMISTRY OF THE CENTRAL AMERICAN VOLCANIC ARC: CONSTRAINTS ON THE GENESIS OF SUBDUCTION-RELATED MAGMAS,False,False,False
Central America northwestern segment,3474,True,10.1130/0091-7613(1986)14<79:PCNASI>2.0.CO;2,1986.0,POSITIVELY CORRELATED ND AND SR ISOTOPE RATIOS OF LAVAS FROM THE CENTRAL AMERICAN VOLCANIC FRONT,False,False,False
Central America northwestern segment,3478,True,10.1007/BF00286825,1990.0,INCOMPATIBLE ELEMENT AND ISOTOPIC EVIDENCE FOR TECTONIC CONTROL OF SOURCE MIXING AND MELT EXTRACTION ALONG THE CENTRAL AMERICAN ARC,False,False,False
Central America northwestern segment,3918,True,10.1016/0377-0273(84)90041-6,1984.0,SYMMETRICAL AND SEGMENTED VARIATION OF PHYSICAL AND GEOCHEMICAL CHARACTERISTICS OF THE CENTRAL AMERICAN VOLCANIC FRONT,False,False,False
Central America northwestern segment,4048,True,10.1093/petrology/31.5.1141,1990.0,THE PETROGENETIC SIGNIFICANCE OF INTERSTRATIFIED HIGH- AND LOW -TI BASALTS IN CENTRAL NICARAGUA,False,False,False
Central America northwestern segment,4092,True,10.1016/S0009-2541(99)00101-1,1999.0,LITHIUM ISOTOPIC COMPOSITION OF CENTRAL AMERICAN VOLCANIC ARC LAVAS: IMPLICATIONS FOR MODIFICATION OF SUBARC MANTLE BY SLAB-DERIVED FLUIDS,False,False,False
Central America northwestern segment,4102,True,10.1007/s004100050562,2000.0,LOCAL AND REGIONAL VARIATIONS IN CENTRAL AMERICAN ARC LAVAS CONTROLLED BY VARIATIONS IN SUBDUCTED SEDIMENT INPUT,False,False,False
Central America northwestern segment,4190,True,10.1016/0016-7037(95)00405-X,1996.0,THE ROLE OF HYDROTHERMAL FLUIDS IN THE PRODUCTION OF SUBDUCTION ZONE MAGMAS: EVIDENCE FROM SIDEROPHILE AND CHALCOPHILE TRACE ELEMENTS AND BORON,False,False,False
Central America northwestern segment,4224,True,10.1093/petrology/25.2.299,1984.0,"VOLCANIC ROCKS FROM THE NEJAPA AND GRANADA CINDER CONE ALIGNMENTS, NICARAGUA, CENTRAL AMERICA",False,False,False
Central America northwestern segment,4508,True,10.1016/0377-0273(81)90053-6,1981.0,RELATION OF LAVA COMPOSITIONS TO VOLCANO SIZE AND STRUCTURE IN EL SALVADOR,False,False,False
Central America northwestern segment,4519,True,10.1130/0016-7606(1986)97<1156:CVCBPS>2.0.CO;2,1986.0,"COMPOSITIONAL VARIATIONS CAUSED BY PHENOCRYST SORTING AT CERRO NEGRO VOLCANO, NICARAGUA",False,False,False
Central America northwestern segment,4688,True,10.1016/S0012-821X(01)00476-9,2001.0,SLAB CONTROL OVER HFSE DEPLETIONS IN CENTRAL NICARAGUA,False,False,False
Central America northwestern segment,4791,True,10.1007/s004100050341,1997.0,CROSS-ARC GEOCHEMICAL VARIATIONS IN VOLCANIC FIELDS IN HONDURAS C.A.: PROGRESSIVE CHANGES IN SOURCE WITH DISTANCE FROM THE VOLCANIC FRONT,False,False,False
Central America northwestern segment,4794,True,10.1029/2000JB900173,2000.0,PETROGENETIC INSIGHTS PROVIDED BY COMPOSITIONAL TRANSECTS ACROSS THE CENTRAL AMERICAN ARC: SOUTHEASTERN GUATEMALA AND HONDURAS,False,False,False
Central America northwestern segment,5025,True,10.1007/BF00306515,1995.0,ABRUPT CHANGE IN MAGMA GENERATION PROCESSES ACROSS THE CENTRAL AMERICAN ARC IN SOUTHEASTERN GUATEMALA: FLUX-DOMINATED MELTING NEAR THE BASE OF THE WEDGE TO DECOMPRESSION MELTING NEAR THE TOP OF THE WEDGE,False,False,False
Central America northwestern segment,5027,True,10.1016/S0377-0273(98)00076-6,1998.0,"TRANSITION FROM MILDLY-THOLEIITIC TO CALC-ALKALINE SUITE: THE CASE OF CHICHONTEPEC VOLCANIC CENTER, EL SALVADOR, CENTRAL AMERICA",False,False,False
Central America northwestern segment,5029,True,10.1016/0377-0273(81)90027-5,1981.0,"EVOLUTION OF A YOUNG PARASITIC CONE TOWARDS A MATURE CENTRAL VENT; IZALCO AND SANTA ANA VOLCANOES IN EL SALVADOR, CENTRAL AMERICA",False,False,False
Central America northwestern segment,5645,True,10.1016/S0377-0273(02)00304-9,2002.0,FLUX VERSUS DECOMPRESSION MELTING AT STRATOVOLCANOES IN SOUTHEASTERN GUATEMALA,False,False,False
Central America northwestern segment,5714,True,10.1016/0009-2541(86)90006-9,1986.0,"CRUSTALLY CONTAMINATED KOMATIITES AND BASALTS FROM KAMBALDA, WESTERN AUSTRALIA",False,False,False
Central America northwestern segment,5812,True,10.1016/S0016-7037(02)00993-6,2002.0,(231PA/235U)-(230TH/238U) OF YOUNG MAFIC VOLCANIC ROCKS FROM NICARAGUA AND COSTA RICA AND THE INFLUENCE OF FLUX MELTING ON U-SERIES SYSTEMATICS OF ARC LAVAS,False,False,False
Central America northwestern segment,6303,True,10.1016/0377-0273(87)90056-4,1987.0,"SANTA MARIA, GUATEMALA: BIMODAL SODA-RICH CALC-ALKALIC STRATOVOLCANO",False,False,False
Central America northwestern segment,6969,True,10.1029/2003GC000621,2004.0,LEAD ISOTOPE COMPOSITION OF CENTRAL AMERICAN VOLCANOES: INFLUENCE OF THE GALAPAGOS PLUME,False,False,False
Central America northwestern segment,9608,True,10.1016/j.jvolgeores.2006.03.036,2006.0,"GEOCHEMICAL STRATIGRAPHY AND MAGMATIC EVOLUTION AT ARENAL VOLCANO, COSTA RICA",False,False,False
Central America northwestern segment,9609,True,10.1016/j.jvolgeores.2006.03.046,2006.0,CLOSED- TO OPEN-SYSTEM-DIFFERENTIATION AT ARENAL VOLCANO (1968-2003),False,False,False
Central America northwestern segment,9610,True,10.1016/j.jvolgeores.2006.03.045,2006.0,"THE VOLATILE CONTENT OF MAGMAS FROM ARENAL VOLCANO, COSTA RICA",False,False,False
Central America northwestern segment,9612,True,10.1016/j.jvolgeores.2006.03.038,2006.0,"U-TH-RA DISEQUILIBRIA AND THE TIME SCALE OF FLUID TRANSFER AND ANDESITE DIFFERENTIATION AT ARENAL VOLCANO, COSTA RICA (1968-2003)",False,False,False
Central America northwestern segment,10496,True,10.1029/2006JB004589,2007.0,"U-SERIES DISEQUILIBRIA IN GUATEMALAN LAVAS, CRUSTAL CONTAMINATION, AND IMPLICATIONS FOR MAGMA GENESIS ALONG THE CENTRAL AMERICAN SUBDUCTION ZONE",False,False,False
Central America northwestern segment,10875,True,10.1029/2006GC001508,2007.0,EVIDENCE FOR SERPENTINITE FLUID IN CONVERGENT MARGIN SYSTEMS: THE EXAMPLE OF EL SALVADOR (CENTRAL AMERICA) ARC LAVAS,False,False,False
Central America northwestern segment,10992,True,10.22201/igeof.00167169p.2004.43.3.963,2004.0,"PETROLOGY AND GEOCHEMISTRY OF THE TACANA VOLCANIC COMPLEX, MEXICO-GUATEMALA: EVIDENCE FOR THE LAST 40000 YR OF ACTIVITY",False,False,False
Central America northwestern segment,11022,True,10.1016/j.geothermics.2006.05.003,2006.0,TECTONIC AND MAGMATIC EVOLUTION OF THE ACTIVE VOLCANIC FRONT IN EL SALVADOR: INSIGHT INTO THE BERLÍN AND AHUACHAPÁN GEOTHERMAL AREAS,False,False,False
Central America northwestern segment,13434,True,10.1029/2009GC002414,2009.0,LIGHT ELEMENTS AND LI ISOTOPES ACROSS THE NORTHERN PORTION OF THE CENTRAL AMERICAN SUBDUCTION ZONE,False,False,False
Central America northwestern segment,14081,True,10.1029/2009GC002704,2009.0,"CORRELATING GEOCHEMISTRY, TECTONICS, AND VOLCANIC VOLUME ALONG THE CENTRAL AMERICAN VOLCANIC FRONT",False,False,False
Central America northwestern segment,14384,True,10.1016/j.jvolgeores.2010.02.023,2010.0,GEOCHEMISTRY AND GENESIS OF BEHIND-ARC BASALTIC LAVAS FROM EASTERN NICARAGUA,False,False,False
Central America northwestern segment,14413,True,10.1130/0016-7606(1985)96<553:QVSOMN>2.0.CO;2,1985.0,"QUATERNARY VOLCANIC STRATIGRAPHY OF MANAGUA, NICARAGUA: CORRELATION AND SOURCE ASSIGNMENT FOR MULTIPLE OVERLAPPING PLINIAN DEPOSITS",False,False,False
Central America northwestern segment,15055,True,10.1029/2009JB006367,2010.0,HIGH-CA BONINITES FROM THE ACTIVE TONGA ARC,False,True,True
Central America northwestern segment,15349,True,10.1130/2006.2412(07),2006.0,DIVERSE VOLCANISM IN SOUTHEASTERN GUATEMALA: THE ROLE OF CRUSTAL CONTAMINATION,False,False,False
Central America northwestern segment,15432,True,10.1016/j.jvolgeores.2011.02.002,2011.0,NEW PLIOCENE-PLEISTOCENE 40AR/39AR AGES FILL IN TEMPORAL GAPS IN THE NICARAGUAN VOLCANIC RECORD,False,False,False
Central America northwestern segment,15756,True,10.1093/petrology/egr047,2011.0,"TRACKING OPEN-SYSTEM DIFFERENTIATION DURING GROWTH OF SANTA MARIA VOLCANO, GUATEMALA",False,False,False
Central America northwestern segment,15938,True,10.1007/s00445-011-0530-8,2012.0,"A TALE OF TWO MAGMAS, FUEGO, GUATEMALA",False,True,True
Central America northwestern segment,15965,True,10.1016/j.jvolgeores.2011.12.013,2012.0,"RECONSTRUCTION OF THE SIBINAL PUMICE, AN ANDESITIC PLINIAN ERUPTION AT TACANÁ VOLCANIC COMPLEX, MEXICO-GUATEMALA",False,False,False
Central America northwestern segment,16047,True,10.1016/j.gca.2012.01.035,2012.0,ALONG AND ACROSS ARC GEOCHEMICAL VARIATIONS IN NW CENTRAL AMERICA: EVIDENCE FOR INVOLVEMENT OF LITHOSPHERIC PYROXENITE,False,False,False
Central America northwestern segment,17029,True,10.1016/j.jvolgeores.2012.11.011,2013.0,"GEOCHEMISTRY AND EVOLUTION OF THE SANTIAGUITO VOLCANIC DOME COMPLEX, GUATEMALA",False,False,False
Central America northwestern segment,18498,True,10.1093/petrology/egu022,2014.0,"MAGMATIC PROCESSES AND ASSOCIATED TIMESCALES LEADING TO THE JANUARY 1835 ERUPTION OF COSIGÜINA VOLCANO, NICARAGUA",False,False,False
Central America northwestern segment,20035,True,10.1016/j.lithos.2015.10.019,2016.0,"MAGMAS WITH SLAB FLUID AND DECOMPRESSION MELTING SIGNATURES COEXISTING IN THE GULF OF FONSECA: EVIDENCE FROM ISLA EL TIGRE VOLCANO (HONDURAS, CENTRAL AMERICA)",False,False,False
Central America northwestern segment,20782,True,10.1016/j.lithos.2016.12.002,2017.0,VOLATILE CONTENTS OF MAFIC-TO-INTERMEDIATE MAGMAS AT SAN CRISTOBAL VOLCANO IN NICARAGUA,False,False,False
Central America northwestern segment,20997,True,10.1016/j.jvolgeores.2017.04.024,2017.0,THALLIUM ISOTOPES AS TRACERS OF RECYCLED MATERIALS IN SUBDUCTION ZONES: REVIEW AND NEW DATA FOR LAVAS FROM TONGA-KERMADEC AND CENTRAL AMERICA,False,True,True
Central America northwestern segment,22587,True,10.1016/j.jvolgeores.2013.06.002,2013.0,"MAGMATIC CONTROLS ON ERUPTION DYNAMICS OF THE 1950 YR B.P. ERUPTION OF SAN ANTONIO VOLCANO, TACANA VOLCANIC COMPLEX, MEXICO-GUATEMALA",False,False,False
Central America northwestern segment,23384,True,10.1007/s00445-019-1321-x,2019.0,"THE LONG-LIVED CHILTEPE VOLCANIC COMPLEX, NICARAGUA: MAGMATIC EVOLUTION AT AN ARC OFFSET",False,False,False
Central America northwestern segment,23620,True,10.1016/j.lithos.2019.105306,2020.0,"PETROLOGY AND GEOCHEMISTRY OF ALKALINE BASALTS AND GABBROIC XENOLITHS FROM UTILA ISLAND (BAY ISLANDS, HONDURAS): INSIGHTS INTO BACK - ARC PROCESSES IN THE CENTRAL AMERICAN VOLCANIC ARC",False,True,True
Central America northwestern segment,23853,True,10.1093/petrology/egi005,2005.0,CONSTRAINTS FROM THORIUM/LANTHANUM ON SEDIMENT RECYCLING AT SUBDUCTION ZONES AND THE EVOLUTION OF THE CONTINENTS,False,False,False
Central America northwestern segment,23869,True,10.1111/iar.12346,2020.0,A 100 M.Y. RECORD OF VOLCANIC ARC EVOLUTION IN NICARAGUA,False,False,False
South Shetland Islands,2523,True,10.1016/0012-821X(93)90056-F,1993.0,"O, SR, ND AND PB ISOTOPIC COMPOSITION OF THE KASUGA CROSS CHAIN IN THE MARIANA ARC: A NEW PERSPECTIVE ON THE K-H RELATIONSHIP",False,False,False
South Shetland Islands,2594,True,10.1007/BF00371897,1979.0,"A GEOCHEMICAL STUDY OF MAGMATISM ASSOCIATED WITH THE INITIAL STAGES OF BACKARC SPREADING. THE QUATERNARY VOLCANICS OF BRANSFIELD STRAIT, FROM SOUTH SHETLAND ISLANDS",False,False,False
South Shetland Islands,3991,True,,1975.0,THE GEOLOGY OF THE SOUTH SHETLAND ISLANDS: V. VOLCANIC EVOLUTION OF DECEPTION ISLAND,False,False,False
South Shetland Islands,4800,True,10.1029/1999JB900180,1999.0,MAFIC DIKE SWARMS IN THE SOUTH SHETLAND ISLANDS VOLCANIC ARC: UNRAVELLING MULTIEPISODIC MAGMATISM RELATED TO SUBDUCTION AND CONTINENTAL RIFTING,False,False,False
South Shetland Islands,6312,True,10.1016/0012-821X(92)90185-X,1991.0,"ISOTOPIC AND TRACE ELEMENT CONSTRAINTS ON MIXING AND MELTING MODELS OF MARGINAL BASIN VOLCANISM, BRANSFIELD STRAIT, ANTARCTICA",False,False,False
South Shetland Islands,6650,True,10.1017/S0954102091000354,1991.0,"PETROLOGICAL AND GEOCHEMICAL CONSTRAINTS ON THE GENESIS OF MESOZOIC-CENOZOIC MAGMATISM OF KING GEORGE ISLAND, SOUTH SHETLAND ISLANDS, ANTARCTICA",False,False,False
South Shetland Islands,6844,True,,1989.0,"PRELIMINARY PETROLOGICAL, GEOCHEMICAL AND SR ISOTOPIC INVESTIGATION ON THE MESOZOIC TO CENOZOIC MAGMATISM OF KING GEORGE ISLAND, SOUTH SHETLAND (WEST ANTARCTICA)",False,False,False
South Shetland Islands,7216,True,10.25249/0375-7536.2003334337346,2003.0,"AN IGNEOUS EVENT AT THE FILDES PENINSULA (KING GEORGE ISLAND) AND AROUND FORT POINT (GREENWICH ISLAND), SOUTH SHETLAND ISLANDS, ANTARCTICA",False,False,False
South Shetland Islands,7505,True,10.1016/j.lithos.2004.09.026,2005.0,"MODELING OF SUBDUCTION COMPONENTS IN THE GENESIS OF THE MESO-CENOZOIC IGNEOUS ROCKS FROM THE SOUTH SHETLAND ARC, ANTARCTICA",False,False,False
South Shetland Islands,7939,True,10.2113/175.2.131,2004.0,"CRETACEOUS ARC VOLCANISM OF BYERS PENINSULA, LIVINGSTON ISLAND, ANTARCTICA: NEW PETROLOGICAL, GEOCHEMICAL AND ISOTOPE DATA",False,False,False
South Shetland Islands,8753,True,10.1016/0895-9811(96)00012-0,1996.0,"AGE AND CORRELATION OF VOLCANISM IN CENTRAL LIVINGSTON ISLAND, SOUTH SHETLAND ISLANDS: K-AR AND GEOCHEMICAL CONSTRAINTS",False,False,False
South Shetland Islands,17507,True,10.1007/s00445-013-0732-3,2013.0,"ORIGIN AND EVOLUTION OF THE DECEPTION ISLAND CALDERA (SOUTH SHETLAND ISLANDS, ANTARCTICA)",False,False,False
South Shetland Islands,23830,True,10.1016/j.chemgeo.2020.119595,2020.0,?D AND ?18O VARIATIONS OF THE MAGMATIC SYSTEM BENEATH DECEPTION ISLAND VOLCANO (ANTARCTICA): IMPLICATIONS FOR MAGMA ASCENT AND ERUPTION FORECASTING,False,False,False
South Shetland Islands,24367,True,1038/s41598-018-36188-4,2019.0,DECIPHERING THE EVOLUTION OF DECEPTION ISLAND^S MAGMATIC SYSTEM,False,False,False
South Shetland Islands,24852,True,10.1016/j.jvolgeores.2021.107249,2021.0,FORMATION OF STANLEY PATCH VOLCANIC CONE: NEW INSIGHTS INTO THE EVOLUTION OF DECEPTION ISLAND CALDERA (ANTARCTICA),False,False,False
South Shetland Islands,29900,False,,,,False,False,False
Tonga islands,997,True,10.1016/0012-821X(91)90216-5,1991.0,"THE MANTLE SOURCES OF OCEAN RIDGES, ISLANDS AND ARCS: THE HF-ISOTOPE CONNECTION",False,True,True
Tonga islands,2478,True,10.1093/petrology/28.3.495,1987.0,THE PLEISTOCENE-RECENT TONGA-KERMADEC ARC LAVAS: INTERPRETATION OF NEW ISOTOPIC AND RARE EARTH DATA IN TERMS OF A DEPLETED MANTLE SOURCE MODEL,False,False,False
Tonga islands,2479,True,10.1016/0016-7037(90)90166-I,1990.0,TH ISOTOPE AND U-SERIES STUDIES OF SUBDUCTION RELATED VOLCANIC ROCKS,False,False,False
Tonga islands,2495,True,10.1016/S0016-7037(97)00281-0,1997.0,238U-230TH DISEQUILIBRIA MAGMA PETROGENESIS AND FLUX RATES BENEATH THE DEPLETED TONGA-KERMADEC ISLAND ARC,False,False,False
Tonga islands,2601,True,10.1093/petrology/14.3.429,1973.0,"MINERALOGY AND GEOCHEMISTRY OF THE YOUNGER VOLCANIC ISLANDS OF TONGA, S. W. PACIFIC",False,False,False
Tonga islands,2695,True,10.1007/BF00373068,1972.0,LEAD ISOTOPIC COMPOSITIONS OF TONGA-KERMADEC VOLCANICS AND THEIR PETROGENETIC SIGNIFICANCE,False,False,False
Tonga islands,2769,True,10.1007/BF00384740,1976.0,"A PETROLOGICAL STUDY OF THE YOUNGER TONGAN ANDESITES AND DACITES, AND THE OLIVINE THOLEIITES OF NIUA FO^OU ISLAND, S.W. PACIFIC",False,False,False
Tonga islands,2770,True,10.1016/0377-0273(77)90001-4,1977.0,"AN OUTLINE OF THE GEOLOGY AND GEOCHEMISTRY, AND THE POSSIBLE PETROGENETIC EVOLUTION OF THE VOLCANIC ROCKS OF THE TONGA-KERMADEC-NEW ZEALAND ISLAND ARC",False,False,False
Tonga islands,3056,True,10.2973/odp.proc.sr.135.141.1994,1994.0,REGIONAL GEOCHEMISTRY OF THE LAU-TONGA ARC AND BACK-ARC SYSTEMS,False,False,False
Tonga islands,3059,True,10.1130/0091-7613(1996)024<0587:FAMREI>2.3.CO;2,1989.0,FLUID- AND MELT-RELATED ENRICHMENT IN THE SUBARC MANTLE: EVIDENCE FROM NB/TA VARIATIONS IN ISLAND ARC BASALTS,False,False,False
Tonga islands,3258,True,10.1130/0016-7606(1972)83[3281:PAGOTI]2.0.CO;2,1972.0,"PETROGRAPHY AND GEOCHEMISTRY OF THE IGNEOUS ROCKS FROM EUA, TONGA ISLANDS",False,False,False
Tonga islands,3324,True,10.1016/0012-821X(84)90129-8,1984.0,SR-PB-ND ISOTOPIC EVIDENCE THAT BOTH MORB AND OIB SOURCES CONTRIBUTE TO OCEANIC ISLAND ARC MAGMAS IN FIJI,False,False,False
Tonga islands,3371,True,10.1093/petroj/39.3.331,1998.0,GEOCHEMICAL EVOLUTION WITHIN THE TONGA-KERMADEC-LAU ARC-BACK-ARC SYSTEMS: THE ROLE OF VARYING MANTLE WEDGE COMPOSITION IN SPACE AND TIME,False,True,True
Tonga islands,3374,True,10.1016/S0012-821X(97)00107-6,1997.0,"TRACE ELEMENT TRANSPORT RATES IN SUBDUCTION ZONES: EVIDENCE FROM TH, SR, AND PB ISOTOPE DATA FOR TONGA-KERMADEC ARC LAVAS",False,False,False
Tonga islands,3384,True,10.1130/0091-7613(1997)025<0611:EFACFT>2.3.CO;2,1997.0,EVIDENCE FOR A CONTRIBUTION FROM TWO MANTLE PLUMES TO ISLAND-ARC LAVAS FROM NORTHERN TONGA,False,False,False
Tonga islands,3591,True,,1985.0,"PETROLOGY OF IGNEOUS ROCKS FROM ATA ISLAND, KINGDOM OF TONGA",False,False,False
Tonga islands,3691,True,10.1130/0091-7613(1974)2<605:LFNITR>2.0.CO;2,1974.0,"LAVAS FROM NIUAFO^OU ISLAND, TONGA, RESEMBLE OCEAN-FLOOR BASALTS",False,False,False
Tonga islands,3698,True,10.1007/BF00306663,1990.0,"MAGMATIC EVOLUTION OF LATE CENOZOIC VOLCANIC ROCKS OF THE LAU RIDGE, FIJI",False,False,False
Tonga islands,4591,True,10.1016/S0016-7037(01)00670-6,2001.0,TRACING THE EVOLVING FLUX FROM THE SUBDUCTING PLATE IN THE TONGA-KERMADEC ARC SYSTEM USING BORON IN VOLCANIC GLASS,False,False,False
Tonga islands,5515,True,10.1029/JB094iB04p04561,1989.0,EARLY RIFTING OF AN OCEANIC ISLAND ARC (FIJI) PRODUCED SHOSHONITIC TO THOLEIITIC BASALTS,False,False,False
Tonga islands,7403,True,10.1016/j.epsl.2005.01.020,2005.0,PRESSURE-TEMPERATURE-TIME PATHS OF SEDIMENTARY RECYCLING BENEATH THE TONGA-KERMADEC ARC,False,False,False
Tonga islands,10608,True,10.1016/j.epsl.2007.05.023,2007.0,HF-ND EVIDENCE FOR THE ORIGIN AND DISTRIBUTION OF MANTLE DOMAINS IN THE SW PACIFIC,False,False,False
Tonga islands,10898,True,10.1016/j.chemgeo.2007.07.022,2007.0,A CRITICAL EVALUATION OF RECENT MODELS FOR LAU-TONGA ARC-BACKARC BASIN MAGMATIC EVOLUTION,False,False,False
Tonga islands,12000,True,10.1007/s00410-007-0276-7,2008.0,MANTLE DYNAMICS AND MANTLE MELTING BENEATH NIUAFO^OU ISLAND AND THE NORTHERN LAU BACK-ARC BASIN,False,False,False
Tonga islands,12539,True,10.1016/j.epsl.2008.06.040,2008.0,SOURCE DEPLETION AND EXTENT OF MELTING IN THE TONGAN SUB-ARC MANTLE,False,False,False
Tonga islands,13277,True,10.1029/2008GC002281,2009.0,MANTLE SOURCE VARIATIONS BENEATH THE EASTERN LAU SPREADING CENTER AND THE NATURE OF SUBDUCTION COMPONENTS IN THE LAU BASIN-TONGA ARC SYSTEM,False,False,False
Tonga islands,13599,True,10.1016/j.chemgeo.2009.05.027,2009.0,NEW INSIGHTS INTO THE ORIGIN OF O-HF-OS ISOTOPE SIGNATURES IN ARC LAVAS FROM TONGA-KERMADEC,False,False,False
Tonga islands,14365,True,10.1016/j.chemgeo.2010.02.011,2010.0,MECHANISM AND TIMING OF PB TRANSPORT FROM SUBDUCTED OCEANIC CRUST AND SEDIMENT TO THE MANTLE SOURCE OF ARC LAVAS,False,False,False
Tonga islands,15113,True,10.1029/JB094iB04p04579,1989.0,POSTSUBDUCTION OCEAN ISLAND ALKALI BASALTS IN FIJI,False,False,False
Tonga islands,16155,True,10.1093/petrology/egs013,2012.0,"MAGMA EVOLUTION IN THE PRIMITIVE, INTRA-OCEANIC TONGA ARC: PETROGENESIS OF BASALTIC ANDESITES AT TOFUA VOLCANO",False,False,False
Tonga islands,16156,True,10.1093/petrology/egs005,2012.0,"MAGMA EVOLUTION IN THE PRIMITIVE, INTRA-OCEANIC TONGA ARC: RAPID PETROGENESIS OF DACITES AT FONUALEI VOLCANO",False,False,False
Tonga islands,19450,True,10.1093/petrology/egv009,2015.0,CORRIGENDUM TO ^MAGMA EVOLUTION IN THE PRIMITIVE INTRA-OCEANIC TONGA ARC: PETROGENESIS OF BASALTIC ANDESITES AT TOFUA VOLCANO^ AND ^MAGMA EVOLUTION IN THE PRIMITIVE INTRA-OCEANIC TONGA ARC: RAPID PETROGENESIS OF DACITES AT FONUALEI VOLCANO^,False,False,False
Tonga islands,20959,True,10.1002/2016GC006523,2017.0,BORON ISOTOPE VARIATIONS IN TONGA-KERMADEC-NEW ZEALAND ARC LAVAS: IMPLICATIONS FOR THE ORIGIN OF SUBDUCTION COMPONENTS AND MANTLE INFLUENCES,False,False,False
Tonga islands,20997,True,10.1016/j.jvolgeores.2017.04.024,2017.0,THALLIUM ISOTOPES AS TRACERS OF RECYCLED MATERIALS IN SUBDUCTION ZONES: REVIEW AND NEW DATA FOR LAVAS FROM TONGA-KERMADEC AND CENTRAL AMERICA,False,True,True
Tonga islands,21408,True,10.1093/petrology/egx047,2017.0,TRACE ELEMENT AND ISOTOPE GEOCHEMISTRY OF THE NORTHERN AND CENTRAL TONGAN ISLANDS WITH AN EMPHASIS ON THE GENESIS OF HIGH NB/TA SIGNATURES AT THE NORTHERN VOLCANOES OF TAFAHI AND NIUATOPUTAPU,False,False,False
Tonga islands,22052,True,10.1016/j.epsl.2018.04.039,2018.0,CONTROLS ON THE IRON ISOTOPIC COMPOSITION OF GLOBAL ARC MAGMAS,False,False,False
Tonga islands,22609,True,10.1111/iar.12276,2019.0,LITHIUM ISOTOPE VARIATIONS IN TONGA-KERMADEC ARC-LAU BACK-ARC LAVAS AND DEEP SEA DRILLING PROJECT (DSDP) SITE 204 SEDIMENTS,False,True,True
Tonga islands,23853,True,10.1093/petrology/egi005,2005.0,CONSTRAINTS FROM THORIUM/LANTHANUM ON SEDIMENT RECYCLING AT SUBDUCTION ZONES AND THE EVOLUTION OF THE CONTINENTS,False,False,False
Tonga islands,25751,True,10.1016/j.lithos.2022.106614,2022.0,"POST-CALDERA VOLCANISM REVEALS SHALLOW PRIMING OF AN INTRA-OCEAN ARC ANDESITIC CALDERA: HUNGA VOLCANO, TONGA, SW PACIFIC",False,False,False
Tonga islands,25854,True,10.1016/j.chemgeo.2022.120903,2022.0,EXTREME GEOCHEMICAL HETEROGENEITY BENEATH THE NORTH TONGA ARC: INTERACTION OF A SUBDUCTION ZONE WITH INTRAPLATE SEAMOUNT CHAINS,False,False,False
Tonga islands,29477,False,,,,False,False,False
